0.9996577,-0.0006985262,0.02550342,0.005782564,0.9967504,0.06825776,0.04169102,0.009545789,0.7672956,-0.1326407,0.36208,-0.5124078,0.3026915,0.4610522,0.810518,-0.1971541,0.8076001,-0.245856,-0.2259836,0.4860745,0.3867912,0.2118681,-0.6726554,0.5941712
0.9996627,-0.0006672044,0.02530103,0.005818943,0.9967284,0.06870586,0.04144575,0.009700641,0.7673792,-0.1328474,0.3619582,-0.5123152,0.3027872,0.4608483,0.8105723,-0.1972606,0.8074298,-0.2459496,-0.2260978,0.4862571,0.3865952,0.2120036,-0.6725098,0.5944151
0.9996675,-0.0006484935,0.02511066,0.005823102,0.9967273,0.06878652,0.04129649,0.009874726,0.7674754,-0.1329825,0.3618633,-0.512203,0.3028864,0.4606481,0.8106219,-0.1973718,0.807238,-0.2460649,-0.2261583,0.486489,0.3863643,0.2121298,-0.6723158,0.5947396
0.9996732,-0.0005107778,0.02488292,0.005831263,0.9967199,0.06879032,0.04142285,0.0100696,0.7675703,-0.133124,0.3617871,-0.5120779,0.3030286,0.4604175,0.810675,-0.197473,0.8070429,-0.2462026,-0.2262617,0.4866948,0.3861524,0.2121252,-0.6721649,0.5950491
0.9996767,-0.0003793571,0.02475099,0.005800786,0.9967117,0.06895662,0.04131257,0.01018124,0.7676445,-0.1332893,0.3617188,-0.5119719,0.3032168,0.4601455,0.8107358,-0.1975691,0.8068731,-0.2463995,-0.2264883,0.4867711,0.3859596,0.2120978,-0.6721365,0.5952163
0.9996802,-0.000390732,0.02462011,0.005750785,0.9967064,0.06906229,0.04123571,0.01030727,0.7677337,-0.1334481,0.361626,-0.5118624,0.3034357,0.4598566,0.8108152,-0.1975795,0.8067437,-0.2465927,-0.2267718,0.4867558,0.3857974,0.2120198,-0.672165,0.5953169
0.9996851,-0.0003764357,0.02443612,0.00568567,0.9967027,0.06917625,0.04109881,0.01044611,0.7678688,-0.1334714,0.3614638,-0.5117683,0.3036048,0.4596561,0.810838,-0.1976929,0.8066787,-0.246662,-0.2269881,0.4867278,0.385646,0.2119443,-0.6722207,0.5953791
0.9996891,-0.000390513,0.02428569,0.005624502,0.9966906,0.06939537,0.04099006,0.01056759,0.767999,-0.1334329,0.3612847,-0.5117094,0.3037233,0.4595426,0.8108255,-0.1978258,0.8066359,-0.2466134,-0.2270955,0.4867732,0.3854688,0.2119493,-0.6722744,0.5954313
0.9996923,-0.000423004,0.02417012,0.005563308,0.9966739,0.06964293,0.04095293,0.01066815,0.7680922,-0.1333797,0.3611533,-0.511676,0.303821,0.4594128,0.810853,-0.1978644,0.8066235,-0.2464589,-0.2270888,0.4868751,0.3853766,0.2119141,-0.6723327,0.5954378
0.9996937,-0.0003672266,0.0241205,0.005503731,0.9966571,0.0698892,0.04092107,0.01073897,0.7681955,-0.1333471,0.3610677,-0.5115899,0.3038503,0.4593233,0.8109027,-0.1978242,0.8066236,-0.2463017,-0.2271088,0.4869451,0.385316,0.2118698,-0.6724465,0.5953643
0.9996957,-0.0003337597,0.02405584,0.005437263,0.9966469,0.07006386,0.04085749,0.0107918,0.768258,-0.1333583,0.3610512,-0.5115048,0.3038928,0.4592396,0.8109308,-0.1978372,0.8066006,-0.2462073,-0.2271522,0.4870108,0.385336,0.2118139,-0.6725585,0.5952448
0.9996971,-0.0004148251,0.02401163,0.005364575,0.9966472,0.07012095,0.04074868,0.01080833,0.7682965,-0.1334255,0.3610461,-0.5114329,0.3039239,0.459198,0.8109193,-0.1979336,0.8065354,-0.2462071,-0.2272638,0.4870668,0.3853808,0.2117403,-0.6726604,0.5951266
0.9996981,-0.0005283406,0.02397763,0.005326403,0.9966701,0.06996553,0.04045437,0.01080734,0.7683082,-0.1335001,0.3610689,-0.51138,0.3039908,0.4591388,0.8109217,-0.197958,0.8064507,-0.2463186,-0.2274456,0.4870658,0.3854323,0.2117491,-0.6725973,0.5951615
0.9996968,-0.0005946047,0.02404203,0.005265723,0.996683,0.0697505,0.04050839,0.01080978,0.7682982,-0.1335811,0.3611267,-0.5113328,0.3040503,0.4590547,0.8109643,-0.197887,0.8063897,-0.2464067,-0.2275636,0.4870668,0.3854749,0.2117374,-0.6725108,0.5952358
0.9996941,-0.0006281754,0.02416215,0.005227384,0.9966885,0.06981934,0.04027635,0.01072522,0.7683088,-0.1336742,0.3611559,-0.511272,0.3040989,0.4589875,0.8109972,-0.1978336,0.8063772,-0.2464488,-0.2275525,0.4870715,0.3854865,0.2117556,-0.6724352,0.5953074
0.9996928,-0.0006535627,0.02423209,0.005156522,0.9966978,0.06967271,0.04030252,0.01071173,0.7683145,-0.1336928,0.3611464,-0.5112653,0.3041027,0.458985,0.8109849,-0.1978843,0.8063648,-0.2464919,-0.2274808,0.4871038,0.3854678,0.211726,-0.6724399,0.5953246
0.9996917,-0.0007049525,0.0242874,0.005089114,0.9967131,0.06943024,0.04035514,0.01066272,0.7683102,-0.133691,0.3611317,-0.5112826,0.3040984,0.4590529,0.810906,-0.1980566,0.8063748,-0.2465244,-0.2274352,0.487092,0.3855281,0.2115974,-0.6724609,0.5953075
0.9996904,-0.000886241,0.02435577,0.005015631,0.9967285,0.06920864,0.04037371,0.01059278,0.7682714,-0.1336793,0.3611198,-0.5113524,0.3041023,0.4590977,0.8108403,-0.1982155,0.806375,-0.2465228,-0.2273672,0.4871243,0.3856345,0.2113933,-0.6725547,0.5952053
0.9996879,-0.001125437,0.02445837,0.004956908,0.9967518,0.06884853,0.04042809,0.01053963,0.7682126,-0.1337252,0.3611828,-0.5113844,0.3041451,0.4590874,0.8108163,-0.1982715,0.8064118,-0.2465139,-0.2272884,0.4871047,0.3857908,0.2111753,-0.672711,0.5950046
0.9996858,-0.001377045,0.02454657,0.004877022,0.9967735,0.06860914,0.04032493,0.01044984,0.7681628,-0.1338092,0.3612499,-0.5113896,0.304173,0.4590532,0.810819,-0.1982972,0.8064744,-0.2465353,-0.2272236,0.4870203,0.385976,0.2110375,-0.67276,0.5948779
0.9996839,-0.001617142,0.02462613,0.004797727,0.9967918,0.0684127,0.04023025,0.01035398,0.7681049,-0.1338651,0.3613189,-0.5114132,0.3041646,0.4590551,0.8107926,-0.1984136,0.8065192,-0.2465564,-0.2271346,0.486977,0.3860854,0.2110124,-0.6727494,0.5948278
0.9996797,-0.001855554,0.02479016,0.004727397,0.9968079,0.06827406,0.04009228,0.01025158,0.7680474,-0.1339031,0.361389,-0.5114402,0.3041255,0.4590991,0.8107156,-0.1986863,0.8065745,-0.2465219,-0.2269431,0.4869924,0.3862524,0.2109827,-0.6725693,0.5949336
0.9996755,-0.002061106,0.02495862,0.00464289,0.9968252,0.06811211,0.03996492,0.01014321,0.767953,-0.1339847,0.3614986,-0.511483,0.3040794,0.4591193,0.8106463,-0.1989924,0.8065929,-0.2464339,-0.2267642,0.4870895,0.3864366,0.2109784,-0.6723732,0.5950372
0.9996713,-0.002274686,0.02512027,0.004581831,0.9968475,0.06783707,0.03989481,0.01007077,0.76781,-0.1341735,0.3616614,-0.5115332,0.3040762,0.4590889,0.8106328,-0.1991227,0.8066093,-0.2463552,-0.2265425,0.4872055,0.3866076,0.2109526,-0.6722971,0.5950212
0.9996674,-0.002658239,0.02524581,0.004532618,0.9968734,0.06751768,0.0398111,0.009980686,0.7677091,-0.1343769,0.3617845,-0.5115442,0.3040726,0.4589733,0.8106894,-0.1991642,0.8066232,-0.2462875,-0.2263936,0.4872859,0.3867925,0.2108815,-0.6723118,0.5949096
0.9996657,-0.003054812,0.02528144,0.00445439,0.9968994,0.06717713,0.03975113,0.009925735,0.7676232,-0.134543,0.3619097,-0.5115408,0.3040429,0.4589095,0.8107072,-0.1992841,0.8066047,-0.2462964,-0.22633,0.4873415,0.3869597,0.2107954,-0.6723156,0.5948271
0.999664,-0.003397146,0.02531627,0.00439559,0.9969593,0.06630474,0.03972024,0.009902304,0.7675623,-0.1346679,0.3620063,-0.5115311,0.3039888,0.4589012,0.8106824,-0.1994865,0.8065441,-0.2463904,-0.2263173,0.4874002,0.3870851,0.2107026,-0.6724174,0.5946634
0.9996635,-0.003734573,0.02529336,0.004343567,0.9969593,0.06630474,0.03972024,0.009902304,0.7674881,-0.1348224,0.3621149,-0.5115247,0.3039423,0.458875,0.8106793,-0.1996303,0.8064827,-0.2464929,-0.2263038,0.4874563,0.3870851,0.2107026,-0.6724174,0.5946634
0.9996649,-0.004068037,0.02519739,0.004303063,0.9970216,0.06535604,0.03970316,0.01000115,0.7674191,-0.1350137,0.3622485,-0.5114832,0.3039227,0.4588081,0.81072,-0.1996485,0.8064271,-0.2466203,-0.2262923,0.4874891,0.3871146,0.2106341,-0.6724576,0.5946229
0.999667,-0.004405451,0.02506809,0.004242947,0.9970491,0.0649599,0.03964588,0.01006846,0.7673496,-0.135223,0.3624219,-0.5114094,0.303941,0.4587144,0.8107763,-0.1996072,0.8063505,-0.2468153,-0.2262679,0.4875283,0.3871464,0.2105457,-0.6724046,0.5946935
0.9996694,-0.00464546,0.02494507,0.004134269,0.9970763,0.06456448,0.03958369,0.01016168,0.7672412,-0.1356065,0.3627086,-0.5112672,0.3040824,0.4585686,0.810783,-0.1996996,0.8060632,-0.2472846,-0.2261872,0.4878031,0.3871512,0.2104719,-0.6718889,0.5952991
0.9996769,-0.005014685,0.02460436,0.003944324,0.9971003,0.0642003,0.03953783,0.01029004,0.7672232,-0.1357771,0.3627537,-0.5112169,0.3042234,0.4584872,0.8107578,-0.1997739,0.8058859,-0.2475392,-0.2261557,0.4879816,0.3871351,0.2104597,-0.6715591,0.5956857
0.9996803,-0.005139461,0.02444582,0.003877718,0.9971218,0.0638798,0.03947974,0.01042364,0.7672499,-0.1359337,0.3627242,-0.5111563,0.3044204,0.458326,0.8107686,-0.1997999,0.805727,-0.2477576,-0.2260936,0.4881618,0.3871295,0.2104117,-0.6712414,0.5960643
0.9996855,-0.00519973,0.02422797,0.003832202,0.997137,0.06370231,0.03934667,0.01056418,0.7673403,-0.1360276,0.3626206,-0.511069,0.3046583,0.458115,0.8108165,-0.1997271,0.8056082,-0.2479143,-0.2259932,0.4883248,0.3871972,0.2104003,-0.6707501,0.5965772
0.999695,-0.005118976,0.02384385,0.003864671,0.9971645,0.06349467,0.03894976,0.01068137,0.7674787,-0.1361146,0.3624832,-0.5109354,0.3049978,0.4578196,0.8108822,-0.1996199,0.8055252,-0.2480197,-0.2258109,0.4884925,0.387291,0.2103307,-0.6700954,0.5972763
0.999695,-0.005118976,0.02384385,0.003864671,0.9971882,0.0632574,0.03869082,0.01082297,0.7676669,-0.136127,0.3622826,-0.5107917,0.3054826,0.4574889,0.8109377,-0.1994107,0.8053754,-0.2481733,-0.2257297,0.488699,0.387378,0.2101515,-0.6693666,0.5980995
0.9997289,-0.005471257,0.02223416,0.004191267,0.9971818,0.06362512,0.03821773,0.01093255,0.7679483,-0.136042,0.3619053,-0.5106587,0.3062728,0.4570626,0.8109918,-0.1989555,0.8051207,-0.2483779,-0.225701,0.4890278,0.3873807,0.2097231,-0.6687673,0.598918
0.9997575,-0.005829315,0.02074166,0.004529678,0.9972109,0.06368976,0.0373186,0.01100779,0.7684339,-0.1357612,0.3611947,-0.5105062,0.3073578,0.4566772,0.8109785,-0.1982205,0.8047993,-0.248606,-0.225765,0.4894112,0.3871837,0.2092236,-0.6682546,0.5997919
0.9997927,-0.006711248,0.01857475,0.004942752,0.9972889,0.06308749,0.03618465,0.01119098,0.7691122,-0.1351944,0.3600984,-0.5104095,0.3087668,0.456503,0.8107714,-0.1972765,0.804365,-0.2490696,-0.2261268,0.4897224,0.3867064,0.2085409,-0.6681643,0.6004378
0.9998338,-0.007530141,0.0157046,0.005387587,0.9973621,0.06269868,0.03477349,0.01132592,0.7700252,-0.1342139,0.3584781,-0.5104324,0.3106759,0.4568514,0.8100418,-0.1964688,0.8038012,-0.2498629,-0.2268007,0.4899323,0.3858124,0.2074415,-0.6693379,0.6000864
0.9998722,-0.007639246,0.01280164,0.005767256,0.9974144,0.06269389,0.03319518,0.01148254,0.7711871,-0.1328818,0.3561676,-0.5106441,0.3133497,0.4576698,0.8087995,-0.1954329,0.8031712,-0.2510493,-0.2279924,0.4898061,0.3843644,0.205793,-0.6727507,0.5977623
0.9999049,-0.007659425,0.009756777,0.006004876,0.9974877,0.06257602,0.03106286,0.01172408,0.7727279,-0.1311503,0.3529159,-0.5110201,0.3170008,0.4586588,0.8073041,-0.1933982,0.8024849,-0.2533109,-0.2297375,0.4889502,0.382244,0.2036931,-0.6790013,0.592753
0.9999329,-0.007403721,0.006361677,0.006212105,0.9975787,0.06217068,0.02868736,0.01218782,0.7747158,-0.1286727,0.348627,-0.5115836,0.3216493,0.460119,0.8051764,-0.191111,0.8018343,-0.2570573,-0.2326761,0.4866675,0.3789342,0.2004806,-0.6883978,0.5850853
0.9999486,-0.007384938,0.002520552,0.006467006,0.9976914,0.06162289,0.02544266,0.01292756,0.7771563,-0.1254145,0.3433966,-0.5122285,0.327133,0.4620799,0.8023902,-0.1887765,0.8015366,-0.260901,-0.2361156,0.4834453,0.3750308,0.1981858,-0.6988946,0.5758651
0.9999458,-0.007787213,-0.00167309,0.006710483,0.997809,0.06102465,0.0213928,0.01397769,0.7799397,-0.1215419,0.337312,-0.5129739,0.3335915,0.4641863,0.7992305,-0.1856848,0.8014859,-0.2644914,-0.239285,0.4800078,0.3692722,0.1971829,-0.7100883,0.5661552
0.9999188,-0.008241924,-0.006659473,0.007063866,0.9979191,0.06049997,0.0164091,0.01509033,0.7829027,-0.1173394,0.3305253,-0.5138558,0.3410554,0.466316,0.7957861,-0.1815357,0.8018261,-0.2677517,-0.2428304,0.4758333,0.3611842,0.198,-0.7209172,0.5573334
0.999858,-0.008719764,-0.01233033,0.007469062,0.9980169,0.05991723,0.01060656,0.01610582,0.7862592,-0.1127835,0.3229287,-0.5145807,0.3494937,0.4683398,0.7920752,-0.1764344,0.803326,-0.2686236,-0.2446404,0.4718687,0.351026,0.2005454,-0.731407,0.5491869
0.9997565,-0.009117579,-0.01847175,0.007916798,0.9980853,0.05927389,0.004174126,0.01716758,0.7901185,-0.107851,0.3144976,-0.5149485,0.3587912,0.4703501,0.7878837,-0.171112,0.8059804,-0.26728,-0.2461629,0.467291,0.3393714,0.2053917,-0.7413582,0.5413221
0.999601,-0.00955964,-0.0252435,0.008308557,0.9980763,0.05916495,-0.003230137,0.01823331,0.7943759,-0.1025507,0.305198,-0.515077,0.3688845,0.4724632,0.7830191,-0.1660852,0.8091764,-0.2635475,-0.2482,0.4627885,0.3266326,0.2116861,-0.7511496,0.533174
0.9993824,-0.009941948,-0.03258048,0.008629302,0.9980059,0.05904272,-0.01102377,0.01940282,0.7988119,-0.09710488,0.2951113,-0.51515,0.3795089,0.4749452,0.7772443,-0.1621472,0.8127154,-0.2571453,-0.2513948,0.4584439,0.3124736,0.218529,-0.7620822,0.5232937
0.9990869,-0.0102001,-0.0404969,0.009014522,0.9978825,0.05862285,-0.01924122,0.02057797,0.8033022,-0.09155395,0.284444,-0.5151844,0.3903888,0.478232,0.7702543,-0.1599978,0.815732,-0.2505247,-0.2576982,0.4532222,0.2964021,0.2260386,-0.7753886,0.5097303
0.9987058,-0.01038268,-0.04887059,0.009505515,0.9976822,0.05800198,-0.02821026,0.02167868,0.8076384,-0.08603134,0.2734543,-0.5153072,0.4013346,0.4824122,0.7620808,-0.1595055,0.8180534,-0.2435082,-0.2666405,0.4476553,0.2782902,0.2350352,-0.7905892,0.4922212
0.9982188,-0.01073016,-0.05781934,0.01005058,0.9973759,0.05747918,-0.03776293,0.02261116,0.8117322,-0.08075704,0.262501,-0.5154243,0.4121915,0.4873654,0.752899,-0.1603637,0.8197996,-0.2355203,-0.2780285,0.4417683,0.2573698,0.2463029,-0.8037106,0.4765973
0.9976218,-0.01120895,-0.06717636,0.01059906,0.9969472,0.05721659,-0.04765881,0.02347279,0.8157123,-0.07566591,0.2515555,-0.5153716,0.422953,0.4925137,0.7432883,-0.1614431,0.8205591,-0.2267154,-0.2911216,0.4364989,0.2341305,0.2594967,-0.8111703,0.4688785
0.9969088,-0.01163955,-0.07690719,0.0110662,0.9963704,0.056937,-0.05846755,0.02419857,0.8195531,-0.07079659,0.2406579,-0.5151738,0.4335825,0.497251,0.7338567,-0.1618719,0.8205209,-0.2168776,-0.3061634,0.4312465,0.2092052,0.2731008,-0.8135929,0.4687385
0.9969088,-0.01163955,-0.07690719,0.0110662,0.9956872,0.05617463,-0.069464,0.02501601,0.8231913,-0.06598253,0.2298807,-0.514934,0.4439082,0.5013888,0.7249334,-0.1613275,0.8196025,-0.2066017,-0.3232203,0.4255539,0.182375,0.2871696,-0.8136325,0.4714607
0.9951247,-0.01248528,-0.09708039,0.01208969,0.9948543,0.05549007,-0.08068783,0.02598174,0.8266742,-0.06093684,0.2191185,-0.5146683,0.4537541,0.504975,0.7166202,-0.1598854,0.8175887,-0.1963187,-0.3417067,0.4198148,0.1531367,0.3021317,-0.8112405,0.4766074
0.9940462,-0.01289244,-0.1074552,0.01262245,0.9937946,0.05511036,-0.09277057,0.02699618,0.8299989,-0.05555112,0.2083557,-0.5143964,0.4629287,0.5084535,0.7086221,-0.1581996,0.8145884,-0.185442,-0.3606178,0.4147432,0.1219022,0.317003,-0.8055256,0.4855693
0.9928255,-0.01333674,-0.1180867,0.0132297,0.9925125,0.05474089,-0.1055092,0.02810759,0.8299989,-0.05555112,0.2083557,-0.5143964,0.4714111,0.5119001,0.7008974,-0.1564384,0.8107218,-0.17349,-0.3792766,0.4108294,0.08921115,0.3310326,-0.7964165,0.4981764
0.991471,-0.01360725,-0.1288654,0.01391781,0.9909827,0.0543937,-0.1188934,0.02930808,0.8360221,-0.04485953,0.1876747,-0.5136465,0.4793523,0.5150412,0.6936537,-0.1542683,0.806017,-0.1601229,-0.3975171,0.4082616,0.0552981,0.3436247,-0.785525,0.5116783
0.9899825,-0.01371394,-0.1397568,0.01464577,0.9891816,0.0541072,-0.1328884,0.0305421,0.8387248,-0.03976312,0.1777903,-0.5131764,0.4869812,0.5174899,0.6871679,-0.1511761,0.8000125,-0.1468872,-0.4159459,0.4066858,0.02050314,0.3548443,-0.7732642,0.5250978
0.9899825,-0.01371394,-0.1397568,0.01464577,0.9871065,0.05381258,-0.1473648,0.0317561,0.8412779,-0.03451927,0.1678452,-0.5127258,0.4869812,0.5174899,0.6871679,-0.1511761,0.7930431,-0.1334507,-0.4332773,0.4068713,-0.01450729,0.3648251,-0.7601199,0.5375034
0.9865298,-0.01475635,-0.1621393,0.01586754,0.9847947,0.05356432,-0.1619253,0.03301913,0.8437586,-0.0289936,0.1577406,-0.5121998,0.5021409,0.5190085,0.6772636,-0.1407099,0.7853189,-0.1195476,-0.449705,0.408348,-0.0492067,0.3733743,-0.7464412,0.5486309
0.9845171,-0.01533307,-0.1738461,0.01638269,0.9794356,0.05313554,-0.191361,0.03554383,0.8461062,-0.02339279,0.1475742,-0.5116433,0.5098251,0.5187243,0.6730064,-0.1344102,0.7765996,-0.1057939,-0.4655628,0.4110379,-0.0832697,0.3804933,-0.7323205,0.5585676
0.9845171,-0.01533307,-0.1738461,0.01638269,0.9794356,0.05313554,-0.191361,0.03554383,0.8482988,-0.0177391,0.1372588,-0.5111109,0.5174157,0.5183949,0.6686876,-0.128082,0.766785,-0.09314749,-0.4809667,0.4147715,-0.1164566,0.3859663,-0.7176566,0.5678354
0.9845171,-0.01533307,-0.1738461,0.01638269,0.9731799,0.05245349,-0.2207493,0.03793353,0.8503478,-0.01204937,0.1267791,-0.5105785,0.5249593,0.5180696,0.664216,-0.121815,0.756327,-0.0816541,-0.4956982,0.4190292,-0.1486643,0.3901182,-0.702008,0.5769676
0.9777135,-0.01714369,-0.2084672,0.01799586,0.9697947,0.05185501,-0.2351233,0.03906694,0.8522452,-0.006287486,0.1161562,-0.5100453,0.5324712,0.5178083,0.6595242,-0.1156598,0.7453514,-0.07129512,-0.509735,0.42372,-0.1796507,0.3936232,-0.6861759,0.5847641
0.9725549,-0.01791659,-0.2312148,0.01885231,0.966235,0.05122935,-0.2493102,0.04012205,0.8556683,0.005223747,0.09471043,-0.5087576,0.547357,0.5173994,0.6495381,-0.1039172,0.7222688,-0.05424599,-0.5383801,0.4307344,-0.2387666,0.3989018,-0.6547183,0.5959966
0.9697855,-0.01835095,-0.2425155,0.01912008,0.9625866,0.0502701,-0.2630993,0.04097059,0.8571813,0.01067264,0.0840525,-0.5079973,0.5545391,0.5175658,0.6440883,-0.09880549,0.7101896,-0.04680331,-0.551105,0.4355726,-0.2672912,0.4002759,-0.6389939,0.6000179
0.9669154,-0.01886123,-0.2536535,0.01945998,0.9590164,0.04907501,-0.2759345,0.04170413,0.8585306,0.01580401,0.07359058,-0.5072078,0.561515,0.5180039,0.6383542,-0.09421862,0.6982525,-0.03840175,-0.5632952,0.4400765,-0.2954803,0.4009097,-0.6239456,0.6022083
0.9640594,-0.01942969,-0.2642346,0.01979768,0.9554649,0.04812253,-0.2880415,0.04246003,0.85973,0.02067821,0.06339529,-0.506377,0.5683504,0.5184271,0.6325496,-0.08995872,0.6864536,-0.02991771,-0.5752488,0.443819,-0.3234203,0.4007562,-0.6089072,0.6033456
0.9640594,-0.01942969,-0.2642346,0.01979768,0.951921,0.04709949,-0.2996359,0.0429677,0.8607935,0.02528986,0.0534409,-0.5055087,0.5751262,0.518644,0.6268014,-0.08578143,0.6744019,-0.02136472,-0.5868731,0.4475552,-0.3515118,0.3990087,-0.5929657,0.6046679
0.9582958,-0.02080954,-0.2842731,0.02060918,0.9483963,0.04547854,-0.3108445,0.04303056,0.8617015,0.02942592,0.0438768,-0.5046576,0.5817908,0.51864,0.6211902,-0.08157842,0.6615583,-0.01317362,-0.5985007,0.4516238,-0.379723,0.3959384,-0.5761193,0.6059124
0.9554518,-0.02117501,-0.2936271,0.02112733,0.9449107,0.04353098,-0.3215968,0.04271118,0.8624364,0.03308143,0.03473591,-0.5038872,0.5882634,0.5185796,0.6156462,-0.07746901,0.6477217,-0.005253607,-0.6101645,0.456211,-0.4078836,0.3925658,-0.5591349,0.6057156
0.9526475,-0.02128983,-0.3025489,0.02176028,0.9415176,0.04151683,-0.3317275,0.04216347,0.8630345,0.0363011,0.026069,-0.5031639,0.5944316,0.5186692,0.6100915,-0.07363494,0.633216,0.002341876,-0.622852,0.4594426,-0.4360808,0.3881181,-0.5422252,0.6043093
0.9499756,-0.02108588,-0.3108046,0.02240955,0.9381663,0.0393043,-0.3414458,0.0413992,0.8635237,0.03927166,0.01775948,-0.502463,0.6002404,0.5190189,0.6044892,-0.07017053,0.6182666,0.009656324,-0.6372501,0.4599627,-0.4639992,0.3813038,-0.5246727,0.6033495
0.9474357,-0.02090317,-0.3184411,0.02288389,0.9349915,0.03679751,-0.3504309,0.04043449,0.8639008,0.04226056,0.009849155,-0.5017891,0.6057196,0.5194646,0.5989785,-0.0669731,0.6028086,0.01598826,-0.6536275,0.4573155,-0.4909156,0.3723457,-0.5061039,0.6035059
0.9450141,-0.02078474,-0.3255417,0.02321166,0.9319069,0.03483144,-0.3588678,0.03937046,0.8642037,0.04512784,0.002508369,-0.5011079,0.6108809,0.5197931,0.5937757,-0.06380015,0.5869319,0.02073593,-0.6712772,0.4521813,-0.5160638,0.3623349,-0.4868525,0.6044553
0.94273,-0.02056057,-0.3320997,0.02338693,0.9286854,0.03327407,-0.3674084,0.03804179,0.8644232,0.04784556,-0.004164162,-0.5004657,0.6156882,0.5199354,0.5890021,-0.06059867,0.5705705,0.02411288,-0.6900813,0.444585,-0.5390133,0.3521814,-0.4680032,0.6053148
0.9406352,-0.02034607,-0.3379936,0.02348375,0.9255772,0.03087752,-0.3755592,0.03617169,0.8645685,0.05037176,-0.01017918,-0.4998803,0.6200456,0.5200272,0.5846552,-0.05739158,0.5539531,0.02678889,-0.7102152,0.4336044,-0.5587314,0.343291,-0.4502529,0.6060057
0.9387031,-0.02017164,-0.343333,0.02348902,0.9227436,0.02859547,-0.3828256,0.03421822,0.8646755,0.05288235,-0.01552009,-0.4992983,0.6238748,0.5202027,0.580712,-0.05425222,0.5365028,0.03057809,-0.7316183,0.419481,-0.5744931,0.3366293,-0.4329545,0.6076092
0.9368932,-0.02012588,-0.3482489,0.02342595,0.9197354,0.02761893,-0.3902257,0.03236604,0.8647943,0.055454,-0.02028978,-0.4986421,0.6271757,0.5204787,0.5771661,-0.05130415,0.5185157,0.03456564,-0.7507144,0.4078906,-0.5863003,0.3318889,-0.4158587,0.6108711
0.9352431,-0.02001745,-0.3526642,0.02339732,0.9165077,0.026691,-0.3979958,0.03000554,0.8649067,0.05796595,-0.02466743,-0.4979638,0.6300249,0.5208458,0.5739633,-0.04852708,0.5007815,0.03696238,-0.7659322,0.4014968,-0.5945956,0.3275792,-0.3987605,0.6165533
0.933792,-0.01983524,-0.3564964,0.02343509,0.9136449,0.02493509,-0.4048401,0.02712117,0.8649268,0.06044753,-0.02861314,-0.4974222,0.6324319,0.521259,0.5711508,-0.04589172,0.4835138,0.03922795,-0.7785029,0.3982574,-0.5995253,0.3236778,-0.3820291,0.6243844
0.9325342,-0.01972093,-0.35978,0.02343492,0.9113662,0.02370667,-0.4101786,0.0245591,0.864897,0.06278437,-0.03190415,-0.4969842,0.6344121,0.5216615,0.5687749,-0.04342801,0.4667715,0.04354233,-0.7904539,0.3942223,-0.6009532,0.319715,-0.3654228,0.6349046
0.9313844,-0.0196622,-0.3627507,0.02341467,0.9090031,0.02376171,-0.4155064,0.02242511,0.8648336,0.06494646,-0.03460589,-0.4966358,0.6360047,0.5221278,0.5667288,-0.04122303,0.4503592,0.05068753,-0.8013867,0.3903675,-0.5982334,0.3159669,-0.3485647,0.648679
0.9304329,-0.01946189,-0.3651965,0.02339355,0.9066536,0.02376705,-0.4207192,0.02023863,0.8647695,0.0668373,-0.036931,-0.496329,0.6372333,0.5226242,0.5650191,-0.03938582,0.4350599,0.05789969,-0.8096719,0.3896179,-0.5912476,0.3128142,-0.3321887,0.6649995
0.9297203,-0.01926507,-0.3670214,0.02332634,0.9048646,0.02364311,-0.4246525,0.01819418,0.8646658,0.06830882,-0.03882363,-0.4961649,0.6381582,0.5231404,0.563592,-0.03798215,0.4213041,0.06356079,-0.8166429,0.3893036,-0.580107,0.3100219,-0.3165162,0.6835056
0.929258,-0.01905264,-0.3682109,0.02317735,0.9033857,0.02382189,-0.4278548,0.01633908,0.8645343,0.06947877,-0.04012935,-0.4961278,0.6388095,0.523506,0.5625854,-0.03690326,0.4092104,0.06961897,-0.8226433,0.3885334,-0.5651839,0.3076604,-0.3017066,0.7034808
0.9289749,-0.01868867,-0.3689501,0.02306762,0.9020244,0.02399319,-0.4307737,0.01449465,0.8644359,0.07044098,-0.04086991,-0.4961031,0.6392105,0.523655,0.5620452,-0.03606914,0.3987593,0.07673298,-0.8270155,0.3887783,-0.5466791,0.306285,-0.2881762,0.724076
0.9288477,-0.01809774,-0.3692946,0.02314877,0.9008511,0.02420232,-0.433265,0.01276347,0.8643457,0.07109533,-0.04098916,-0.496157,0.6392688,0.5236956,0.5619785,-0.03548221,0.3901254,0.08418653,-0.8301719,0.3892678,-0.5249983,0.3056161,-0.2757026,0.7449589
0.9289277,-0.01767446,-0.3691155,0.02312049,0.9004166,0.02496942,-0.4341529,0.01173605,0.8642716,0.07138111,-0.04052637,-0.496283,0.63894,0.5237612,0.5623072,-0.03522594,0.3834086,0.09044312,-0.8334298,0.3875728,-0.50017,0.3061869,-0.2649696,0.7654219
0.9291508,-0.01744073,-0.3685766,0.02292971,0.9000714,0.02602135,-0.4348246,0.01103028,0.8642126,0.07140115,-0.03952023,-0.496464,0.6382068,0.5239147,0.562993,-0.03527753,0.3783149,0.09500967,-0.8354928,0.3870438,-0.4724517,0.3082308,-0.2565207,0.7848442
0.9294829,-0.01712841,-0.3677663,0.02271514,0.8998933,0.02707992,-0.4351665,0.00941501,0.8642118,0.07123795,-0.03813922,-0.4965969,0.6371561,0.5240487,0.5640368,-0.03560747,0.3744193,0.09797242,-0.8355355,0.3899898,-0.4418758,0.311901,-0.2501206,0.8030587
0.9298654,-0.01678547,-0.3668273,0.02249711,0.9000852,0.02696644,-0.4347955,0.008500108,0.8641979,0.07083548,-0.03650358,-0.4968015,0.6358708,0.5241218,0.5653794,-0.03620901,0.3716197,0.1012718,-0.8337768,0.3955491,-0.3730686,0.3218392,-0.242339,0.8357699
0.9302796,-0.01645152,-0.3658014,0.02232549,0.9000852,0.02696644,-0.4347955,0.008500108,0.8641616,0.07009456,-0.03461865,-0.4971046,0.6344122,0.5241101,0.5669742,-0.03701918,0.3695858,0.1048337,-0.8308214,0.4026811,-0.3730686,0.3218392,-0.242339,0.8357699
0.9307305,-0.0162554,-0.364669,0.02219978,0.9013081,0.02678714,-0.432283,0.007567388,0.8641528,0.06917444,-0.03250097,-0.4973917,0.6328478,0.5239808,0.5687714,-0.03804343,0.3676459,0.1084398,-0.8241895,0.4168803,-0.3358795,0.3256032,-0.2391022,0.8508805
0.9307305,-0.0162554,-0.364669,0.02219978,0.9022257,0.02620989,-0.4304068,0.007187958,0.8641741,0.06818406,-0.03017629,-0.4976379,0.6311688,0.5237844,0.570732,-0.03925676,0.3669582,0.1144945,-0.8124766,0.4383088,-0.258004,0.329682,-0.2298015,0.8785984
0.9317812,-0.01596,-0.3619984,0.02205002,0.902897,0.02605474,-0.4290075,0.007120467,0.8642448,0.06698421,-0.02749595,-0.4978334,0.6294096,0.523528,0.5728083,-0.04065661,0.3669582,0.1144945,-0.8124766,0.4383088,-0.2176859,0.3303883,-0.222095,0.8911399
0.9330116,-0.01577588,-0.3588438,0.02171312,0.9034691,0.02602449,-0.4278007,0.007252242,0.8644425,0.06357839,-0.02116115,-0.4982459,0.6257177,0.5228334,0.5772423,-0.0437525,0.3695044,0.1102976,-0.8026041,0.4551128,-0.1771837,0.3296965,-0.2122487,0.9026942
0.9336214,-0.01582474,-0.3572626,0.02154093,0.9043131,0.02528788,-0.4260544,0.007482635,0.8644779,0.06174175,-0.01790494,-0.4985431,0.623846,0.5223528,0.579582,-0.04526433,0.3713562,0.1051054,-0.7992549,0.4606943,-0.1364903,0.3284539,-0.2016307,0.9125972
0.9342402,-0.01589917,-0.3556467,0.0213974,0.9053114,0.02458544,-0.4239596,0.008051684,0.8644896,0.06005356,-0.01476664,-0.4988317,0.6219512,0.5218076,0.581991,-0.04669504,0.3742987,0.09770434,-0.7954001,0.466576,-0.09536248,0.3274957,-0.1916952,0.9202747
0.9342402,-0.01589917,-0.3556467,0.0213974,0.9060904,0.02447953,-0.4222787,0.009029727,0.8644896,0.06005356,-0.01476664,-0.4988317,0.6200303,0.521201,0.5844802,-0.04790854,0.3789758,0.08944271,-0.7885331,0.4760179,-0.05410651,0.3266595,-0.1826843,0.9257389
0.935376,-0.01666746,-0.3526295,0.02112647,0.9067549,0.02473746,-0.4208043,0.01036064,0.8646651,0.05746066,-0.00903882,-0.4989696,0.6180798,0.5206108,0.5869774,-0.04898423,0.3849169,0.07987826,-0.7799876,0.4869064,-0.01344512,0.3255107,-0.1727308,0.9295301
0.9358442,-0.01699415,-0.3513754,0.02102403,0.9074736,0.02488844,-0.4192023,0.0118913,0.8647732,0.05632444,-0.00637726,-0.4989531,0.6161048,0.5201542,0.589362,-0.05007141,0.3903989,0.06826195,-0.7713882,0.4978849,0.02557421,0.3233162,-0.1596337,0.9323786
0.9362418,-0.01728773,-0.3503111,0.0208431,0.9080597,0.02488705,-0.4178827,0.01349734,0.8648664,0.055133,-0.003781158,-0.4989509,0.6141637,0.5198191,0.5915806,-0.05122408,0.3959418,0.05588601,-0.7619532,0.509445,0.0627104,0.3204764,-0.1439833,0.9341473
0.9365385,-0.01753959,-0.349519,0.02060202,0.908436,0.0250988,-0.4169887,0.01530877,0.8649314,0.05375877,-0.001282157,-0.4990009,0.6123245,0.5195799,0.5935772,-0.0525544,0.4020455,0.04290885,-0.7524357,0.5199604,0.09861144,0.3172301,-0.1276168,0.9345346
0.9367928,-0.01813171,-0.348828,0.0202329,0.9086896,0.0248013,-0.416386,0.01705129,0.8649082,0.0522633,0.0008938251,-0.4992009,0.6106609,0.5192792,0.5954178,-0.0540404,0.4084233,0.02931756,-0.7418616,0.5310107,0.1336674,0.3136119,-0.1120437,0.9333954
0.9369966,-0.01869563,-0.3482651,0.01997867,0.9093694,0.02431409,-0.4148422,0.0190207,0.864782,0.05068171,0.002640839,-0.499576,0.6092753,0.5187949,0.59712,-0.05552926,0.4151363,0.01563635,-0.7305183,0.5419967,0.1686573,0.3089565,-0.09824505,0.9308321
0.937198,-0.01926937,-0.3477023,0.01978893,0.9101239,0.02448747,-0.4130653,0.02125455,0.8645808,0.04907671,0.003916061,-0.5000761,0.6081382,0.5181059,0.5987411,-0.05695242,0.4226291,0.002320841,-0.7197255,0.5507946,0.2035701,0.3029519,-0.08775322,0.9268651
0.9374117,-0.01987232,-0.3471012,0.01962262,0.9108939,0.02500806,-0.4112006,0.02368074,0.8643112,0.0476431,0.004654057,-0.5006741,0.6071934,0.5173268,0.6002324,-0.05839882,0.4305179,-0.01150461,-0.7087263,0.5587747,0.2388941,0.295534,-0.08037964,0.9214817
0.937604,-0.02045855,-0.346553,0.01951941,0.9119387,0.02491958,-0.4087426,0.02600047,0.8639907,0.04642341,0.005063159,-0.5013375,0.606368,0.5165889,0.6015487,-0.05994306,0.4381763,-0.02592457,-0.6980987,0.5656747,0.2743407,0.2870706,-0.07478248,0.9147323
0.9377763,-0.02105461,-0.3460596,0.01936563,0.912788,0.02446448,-0.4067299,0.02811036,0.8636585,0.04517832,0.005466328,-0.5020188,0.6056553,0.5158176,0.602774,-0.06146308,0.4448639,-0.04101761,-0.690361,0.5690479,0.3098128,0.2779205,-0.069404,0.9066197
0.937918,-0.02170492,-0.3456516,0.01906724,0.9133366,0.02405618,-0.4053896,0.02994412,0.8633636,0.04373937,0.005969921,-0.5026475,0.6050691,0.5150088,0.6039038,-0.0629108,0.4506547,-0.05633897,-0.6829867,0.5720714,0.3459297,0.2683936,-0.06327847,0.8968241
0.9380579,-0.02227628,-0.3452575,0.01865877,0.913802,0.02362768,-0.4042479,0.03147952,0.8630764,0.04215495,0.00642764,-0.5032698,0.6046009,0.5142053,0.6049148,-0.06425813,0.4556862,-0.07058896,-0.6760025,0.5747939,0.3819945,0.2582816,-0.0555272,0.8856002
0.9381931,-0.02273658,-0.3448818,0.01825849,0.9142776,0.02261556,-0.4031397,0.03260806,0.8627862,0.04069414,0.006618319,-0.503885,0.6042331,0.5133405,0.605888,-0.06545203,0.4594844,-0.08500505,-0.6734821,0.5727742,0.4171324,0.2475774,-0.04653463,0.8732356
0.9383373,-0.02323117,-0.3444809,0.01778334,0.9147377,0.02180642,-0.4020454,0.0337455,0.8625774,0.03945554,0.006591464,-0.5043412,0.6039657,0.5124511,0.6067865,-0.06655606,0.4625168,-0.1005009,-0.6722129,0.5693046,0.4516652,0.2362986,-0.03880818,0.8594508
0.9384618,-0.02372628,-0.3441331,0.01728748,0.9148985,0.02094009,-0.401651,0.03462077,0.8624662,0.03853202,0.006446264,-0.5046044,0.6037211,0.5116212,0.6076092,-0.06764567,0.4650404,-0.1156689,-0.6702144,0.5667194,0.4846854,0.2245212,-0.03505063,0.8446549
0.9386123,-0.0242426,-0.3437039,0.01692987,0.9152436,0.01969445,-0.4008642,0.03533981,0.8623856,0.03776134,0.006347665,-0.5048018,0.6034946,0.5108923,0.6083297,-0.06869099,0.4671554,-0.1304511,-0.6683809,0.5639285,0.5142689,0.2129462,-0.03244144,0.830138
0.9386123,-0.0242426,-0.3437039,0.01692987,0.9156292,0.01820333,-0.4000068,0.03586459,0.8622972,0.0367524,0.006541304,-0.5050246,0.6032663,0.5102502,0.6089855,-0.06965194,0.4699227,-0.144687,-0.6654897,0.561571,0.5381048,0.2027254,-0.02904517,0.8176197
0.9390257,-0.02533279,-0.3425119,0.01656433,0.9158461,0.01635069,-0.3995742,0.03604085,0.8621455,0.03555151,0.00698895,-0.5053634,0.6030077,0.5097742,0.6095489,-0.07044479,0.4732836,-0.159394,-0.6623001,0.5585293,0.5550635,0.1948621,-0.02383292,0.8083102
0.9392982,-0.02574877,-0.3417475,0.01626245,0.9163798,0.01445647,-0.3984072,0.03620299,0.8619381,0.03435748,0.007569826,-0.5057914,0.602675,0.5094937,0.6100295,-0.0711569,0.4768209,-0.1738258,-0.6573456,0.5570668,0.5657433,0.1889778,-0.01868022,0.802417
0.9395691,-0.02627988,-0.3409766,0.01593862,0.9169164,0.01306661,-0.3972085,0.03631547,0.8616748,0.03319755,0.008195542,-0.5063072,0.6022337,0.5094907,0.610386,-0.071855,0.4811004,-0.1845718,-0.6481595,0.5606827,0.5732192,0.184476,-0.01447586,0.7982349
0.9399192,-0.0271181,-0.3399726,0.0153329,0.9175623,0.0121055,-0.3957424,0.03634162,0.8614058,0.0321809,0.008737803,-0.5068214,0.6017289,0.5096853,0.61063,-0.07262516,0.4860752,-0.1889161,-0.6357929,0.5690422,0.5788189,0.1804184,-0.01187768,0.7951584
0.940347,-0.02789139,-0.33875,0.01476739,0.9184408,0.01161159,-0.3936929,0.0365698,0.8611528,0.03138398,0.009123046,-0.5072944,0.6012036,0.5100158,0.6107753,-0.07342927,0.4894324,-0.1908789,-0.6274261,0.5747675,0.582389,0.1774184,-0.009918493,0.7932512
0.940914,-0.02843364,-0.3371459,0.0143174,0.9195037,0.01155722,-0.3911574,0.0370841,0.8609362,0.03080036,0.00929503,-0.5076945,0.6007346,0.5102777,0.6109111,-0.07431384,0.4900775,-0.1943673,-0.6260373,0.5745631,0.5834185,0.1766574,-0.007023246,0.7926953
0.9415296,-0.02906573,-0.3353803,0.01404584,0.9200808,0.01148201,-0.3897383,0.0377282,0.8607123,0.03026111,0.009451823,-0.5081034,0.6003579,0.5103061,0.6111543,-0.07515853,0.4891787,-0.1982791,-0.6295819,0.570102,0.5818258,0.1788197,-0.001979284,0.7934093
0.942183,-0.03008651,-0.3334642,0.0136916,0.9202239,0.01102534,-0.3893696,0.03817813,0.8605058,0.02957532,0.009830805,-0.5084864,0.6000177,0.5101702,0.6115087,-0.07591285,0.4881423,-0.2000842,-0.6343315,0.5650727,0.577987,0.1830934,0.004161062,0.79523
0.9429139,-0.0312189,-0.3313009,0.01335797,0.9200599,0.01014387,-0.3897861,0.03812536,0.8603238,0.02880542,0.01050385,-0.5088249,0.5995958,0.5100187,0.6119598,-0.07662557,0.4873059,-0.1999074,-0.6381186,0.5615824,0.5724154,0.1880354,0.009222995,0.7980591
0.9436495,-0.03181032,-0.3291472,0.01325563,0.9194454,0.009062946,-0.3913072,0.03763753,0.860199,0.02807299,0.01134441,-0.5090588,0.5990247,0.5099201,0.6125087,-0.0773586,0.4869448,-0.1986877,-0.6406918,0.5593944,0.5655314,0.192662,0.01129652,0.801828
0.9443343,-0.03231342,-0.3271321,0.01315821,0.9184991,0.007917424,-0.3936484,0.03657088,0.8600837,0.02733543,0.01236845,-0.5092697,0.5983082,0.5099073,0.6131151,-0.07817931,0.4871206,-0.197109,-0.6418242,0.5585011,0.5575854,0.1969523,0.01125165,0.8063386
0.9449312,-0.03250865,-0.3253841,0.01316171,0.9181245,0.007516433,-0.394578,0.03604309,0.8599644,0.02660005,0.01349735,-0.5094815,0.5974991,0.5098812,0.613821,-0.07899405,0.4878675,-0.1945882,-0.6412227,0.5594233,0.5403167,0.2052535,0.01042072,0.8159782
0.9454352,-0.03247224,-0.3239184,0.01321018,0.9181245,0.007516433,-0.394578,0.03604309,0.8598083,0.02588912,0.01469819,-0.5097482,0.5966411,0.5097825,0.6146424,-0.07972554,0.4885465,-0.1908573,-0.640185,0.5613012,0.5403167,0.2052535,0.01042072,0.8159782
0.9458611,-0.03252364,-0.3226699,0.01315039,0.9179261,0.007483896,-0.3950416,0.03602304,0.8596609,0.02510153,0.01600383,-0.509997,0.595718,0.5096777,0.6155333,-0.08042264,0.488768,-0.1866563,-0.6395268,0.5632681,0.5321654,0.2090123,0.009660431,0.8203783
0.9462234,-0.03238831,-0.3216175,0.0132009,0.9180127,0.007786074,-0.3948145,0.03624068,0.8595265,0.0243486,0.01740608,-0.5102139,0.5947491,0.5095949,0.6164334,-0.08122051,0.4880946,-0.1782489,-0.6420753,0.5636759,0.5181375,0.2153613,0.006829063,0.8277116
0.9468418,-0.03182821,-0.3198434,0.0133266,0.918352,0.00830724,-0.3939764,0.0366485,0.8593332,0.02277256,0.0201868,-0.5105099,0.5929217,0.5091673,0.6183168,-0.08292926,0.4871181,-0.1754755,-0.6451158,0.5619164,0.5121716,0.2180418,0.005677595,0.8307262
0.9470477,-0.03145785,-0.3192658,0.01343038,0.9187999,0.008842447,-0.3928749,0.03711677,0.8592729,0.02188325,0.02160324,-0.5105922,0.5921058,0.5086696,0.619408,-0.0836662,0.4862503,-0.1729852,-0.6477663,0.5603889,0.5070134,0.2203125,0.004511221,0.8332944
0.9472421,-0.03100658,-0.3187282,0.01353174,0.919408,0.009097589,-0.3914103,0.03747152,0.8592682,0.02103386,0.02300947,-0.5105744,0.5913036,0.5080586,0.6205869,-0.08431317,0.4857747,-0.1703443,-0.6489413,0.5602508,0.5025598,0.2221019,0.00323091,0.8355201
0.9472421,-0.03100658,-0.3187282,0.01353174,0.9201486,0.009241474,-0.3896361,0.03774431,0.8593493,0.02023279,0.02441669,-0.5104049,0.5913036,0.5080586,0.6205869,-0.08431317,0.4856281,-0.1678665,-0.6490845,0.5609596,0.4987083,0.2235031,0.001920856,0.8374562
0.9475823,-0.03022766,-0.3177816,0.0137426,0.9208053,0.009563617,-0.3880458,0.03803377,0.8594993,0.0195101,0.02567249,-0.5101187,0.5895967,0.5067925,0.6230938,-0.08538996,0.4857018,-0.1656777,-0.6485397,0.5621753,0.4954177,0.2245152,0.0004471784,0.839139
0.9476856,-0.03001753,-0.3174908,0.01380157,0.9214596,0.01012339,-0.3864427,0.03836254,0.8596635,0.01881472,0.0268102,-0.5098096,0.5889869,0.5058539,0.6243876,-0.08571242,0.4858839,-0.1638411,-0.6475861,0.5636535,0.4929083,0.225014,-0.001382867,0.840481
0.9477133,-0.02977793,-0.3174248,0.0139377,0.9221739,0.0107297,-0.3846758,0.03878853,0.8598189,0.01823229,0.02777105,-0.5095172,0.5886224,0.5046134,0.6257438,-0.08563953,0.4861553,-0.1621153,-0.6463332,0.5653539,0.4913253,0.2250316,-0.003791921,0.8413952
0.9477108,-0.02938846,-0.3174571,0.0141904,0.9229032,0.01130552,-0.3828646,0.03919707,0.8599755,0.01778331,0.02853515,-0.5092264,0.5884498,0.5031736,0.6271199,-0.08523019,0.4864875,-0.1604115,-0.6448031,0.5672982,0.4904004,0.2247607,-0.00623015,0.8419925
0.9476818,-0.02920802,-0.317554,0.01433399,0.9236441,0.01189205,-0.3810053,0.03968429,0.8601325,0.01746197,0.02910939,-0.5089397,0.5884101,0.5017252,0.6283922,-0.08466958,0.4867134,-0.1590683,-0.6438706,0.5685403,0.4897938,0.224537,-0.007697775,0.842393
0.9476818,-0.02920802,-0.317554,0.01433399,0.9242694,0.01247756,-0.3794166,0.04016566,0.8601325,0.01746197,0.02910939,-0.5089397,0.5883949,0.500569,0.6293882,-0.08422007,0.4866113,-0.1586253,-0.6439187,0.568697,0.4893104,0.2245453,-0.007808905,0.8426706
0.9474754,-0.02889583,-0.3181874,0.01455692,0.9247975,0.01280196,-0.3780817,0.04049296,0.8604389,0.01708413,0.03002961,-0.508381,0.5883072,0.4998694,0.6300555,-0.08399673,0.4863653,-0.158515,-0.6444318,0.5683569,0.4890102,0.2246208,-0.007487097,0.8428277
0.9474043,-0.0286772,-0.3184162,0.01462334,0.9252368,0.0130899,-0.376969,0.04074063,0.8605567,0.01698061,0.03043901,-0.5081607,0.5881294,0.4996256,0.6304145,-0.08399924,0.4861306,-0.158441,-0.6449654,0.567973,0.4890762,0.2244688,-0.007796809,0.8428271
0.9473517,-0.02850369,-0.3185857,0.01466942,0.925528,0.01366858,-0.3762024,0.04102075,0.8606667,0.01695273,0.03086155,-0.5079496,0.5878992,0.4996454,0.6306114,-0.08401465,0.4860141,-0.1583193,-0.6452176,0.5678203,0.4894735,0.2240605,-0.00875005,0.8426957
0.9473217,-0.028349,-0.3186843,0.01477235,0.9256822,0.01436954,-0.3757669,0.04129128,0.8607504,0.01702943,0.03120569,-0.5077841,0.587754,0.4996507,0.630765,-0.08384569,0.4859824,-0.1581173,-0.6450759,0.5680645,0.490018,0.2236374,-0.009716069,0.842481
0.9472929,-0.02828527,-0.3187711,0.01487014,0.9258168,0.01492558,-0.3753893,0.04151175,0.8608176,0.017286,0.03137941,-0.507651,0.5876704,0.4995985,0.6309264,-0.08352802,0.4859643,-0.15785,-0.6447332,0.5685432,0.4905692,0.2232739,-0.010345,0.8422492
0.9472929,-0.02828527,-0.3187711,0.01487014,0.9259667,0.01531349,-0.3749891,0.04164375,0.8608807,0.01766327,0.03139831,-0.50753,0.5875936,0.4996201,0.6310304,-0.08315398,0.485979,-0.1576482,-0.6446436,0.5686882,0.4909048,0.2230173,-0.0107119,0.842117
0.9472929,-0.02828527,-0.3187711,0.01487014,0.9261504,0.01576388,-0.3744953,0.04183278,0.8608807,0.01766327,0.03139831,-0.50753,0.5874695,0.4998205,0.6310244,-0.08287109,0.4859919,-0.157751,-0.6448532,0.568411,0.4911041,0.2228155,-0.01139591,0.8420452
0.9472939,-0.02875322,-0.3187085,0.01523903,0.9263271,0.01635638,-0.3740034,0.04209165,0.8610408,0.01859046,0.03118925,-0.5072379,0.5873349,0.5000772,0.630978,-0.08262884,0.486002,-0.1580354,-0.6449904,0.5681677,0.4913735,0.2225877,-0.01239947,0.8419341
0.947291,-0.0287831,-0.3187087,0.01536138,0.9265156,0.01687672,-0.373482,0.04236815,0.8610831,0.01897949,0.03104552,-0.5071605,0.5872571,0.5002401,0.6309611,-0.0823239,0.4861236,-0.1580188,-0.6447724,0.5683156,0.4916488,0.2222843,-0.01349189,0.8418367
0.9473246,-0.02869014,-0.3186146,0.01541903,0.9266627,0.01739491,-0.373071,0.04256332,0.8610876,0.01927938,0.0309422,-0.5071478,0.5872585,0.5002969,0.6309602,-0.08197552,0.4862821,-0.1579034,-0.6445534,0.5684605,0.4918382,0.2219905,-0.01433108,0.8417898
0.9473585,-0.02860723,-0.3185198,0.01544424,0.9267442,0.01785763,-0.3728269,0.04273608,0.8611029,0.0194764,0.03092499,-0.5071155,0.5873017,0.5003052,0.6309393,-0.08177596,0.4864418,-0.1578916,-0.6444991,0.5683885,0.4918636,0.2218403,-0.01493593,0.8418041
0.9473786,-0.02852809,-0.3184645,0.01549356,0.9268023,0.0183892,-0.3726401,0.04287812,0.8611405,0.01959622,0.03095118,-0.5070454,0.587326,0.5003546,0.630886,-0.08171014,0.4865411,-0.15804,-0.64482,0.5678981,0.491795,0.221817,-0.01551597,0.8418397
0.9473588,-0.02856845,-0.318519,0.01551768,0.9269162,0.01899427,-0.3723029,0.04308065,0.8611676,0.01965734,0.03099247,-0.5069944,0.5873783,0.5002848,0.6309074,-0.08159644,0.4866708,-0.1581689,-0.645089,0.5674456,0.4916518,0.2218873,-0.01616876,0.8418926
0.9473588,-0.02856845,-0.318519,0.01551768,0.9270378,0.01950537,-0.3719507,0.04327803,0.8611823,0.01971967,0.03104626,-0.5069637,0.58743,0.5001272,0.631011,-0.08138919,0.4868785,-0.1581858,-0.6450403,0.567318,0.4915205,0.2220143,-0.01672931,0.8419249
0.9473484,-0.028869,-0.3185186,0.01559692,0.9271477,0.02011399,-0.3716247,0.04344429,0.8611874,0.0198378,0.03107685,-0.5069485,0.5874285,0.5000254,0.6311201,-0.08117931,0.487239,-0.1579839,-0.6446181,0.5675446,0.4913415,0.2221781,-0.01711704,0.8419783
0.9472943,-0.02895135,-0.31867,0.01563793,0.9274091,0.02176982,-0.3708172,0.04396603,0.8612077,0.02000585,0.0310807,-0.5069072,0.5873415,0.5001087,0.63115,-0.08106307,0.487615,-0.1577207,-0.6442031,0.5677661,0.4912153,0.2222686,-0.0175692,0.8420187
0.9472358,-0.02890816,-0.3188442,0.01570972,0.9274961,0.0220804,-0.3705648,0.04410345,0.8612012,0.02013867,0.03108784,-0.5069124,0.5872355,0.5002883,0.6311136,-0.08100586,0.4879942,-0.1575557,-0.6440389,0.5676725,0.4911136,0.2222461,-0.01839965,0.8420663
0.9472285,-0.02892143,-0.3188643,0.01572376,0.9274988,0.02274531,-0.3704956,0.04428915,0.8611482,0.02026359,0.03111996,-0.5069956,0.5871504,0.5004902,0.6310419,-0.08093464,0.4895597,-0.1580279,-0.6430581,0.5673048,0.4897801,0.2228103,-0.02033472,0.8426492
0.9472592,-0.02900897,-0.3187631,0.01576445,0.9275836,0.02343864,-0.3702275,0.04439279,0.8610434,0.02050126,0.03132052,-0.5071517,0.5870379,0.5006357,0.6310827,-0.08053111,0.4901814,-0.1593459,-0.6426895,0.5668169,0.48811,0.2238229,-0.02006664,0.843356
0.9472592,-0.02900897,-0.3187631,0.01576445,0.9275953,0.0237957,-0.3701847,0.04431622,0.8609471,0.02063579,0.03145422,-0.5073014,0.5870379,0.5006357,0.6310827,-0.08053111,0.4906984,-0.1606306,-0.6418031,0.5670112,0.4863495,0.2248077,-0.01967725,0.8441199
0.9472378,-0.02931004,-0.318798,0.01578549,0.9277259,0.02415324,-0.3698417,0.04425143,0.8608459,0.02077401,0.03154232,-0.507462,0.5869373,0.5007287,0.6311274,-0.08033618,0.491454,-0.1607835,-0.6403685,0.5679348,0.4845965,0.2254879,-0.01995442,0.8449398
0.947183,-0.02968677,-0.3189194,0.01591986,0.9279683,0.02458932,-0.3692043,0.04425072,0.8607343,0.02089688,0.03162348,-0.5076413,0.5865621,0.501202,0.6310872,-0.08044048,0.4921197,-0.1605732,-0.6394591,0.5684422,0.4830924,0.225858,-0.0208782,0.8456796
0.9471579,-0.03003182,-0.3189646,0.01584988,0.9282002,0.02507815,-0.3685826,0.0442993,0.8605846,0.02100478,0.03168847,-0.5078866,0.586362,0.5014525,0.6310482,-0.08064399,0.4924574,-0.1605004,-0.6391134,0.5685592,0.4818714,0.2260252,-0.02211439,0.8462999
0.9471579,-0.03003182,-0.3189646,0.01584988,0.9284202,0.02547639,-0.3679975,0.04432369,0.8604131,0.02110489,0.03175112,-0.5081689,0.5861874,0.5015969,0.6310674,-0.08086491,0.4925237,-0.1604458,-0.6393214,0.5682831,0.4809817,0.2260923,-0.02326704,0.8467571
0.9471292,-0.03043101,-0.3190093,0.01590915,0.9286166,0.02574277,-0.3674943,0.04423229,0.8602228,0.02115719,0.03191464,-0.5084785,0.5860277,0.5016657,0.6311339,-0.08107608,0.4924706,-0.1602929,-0.6399311,0.5676859,0.4802905,0.2263196,-0.02406699,0.8470663
