-0.2823325,0.3702804,0.8247093,-0.320992,-0.8573802,0.2530715,0.4356115,0.1053452
-0.2816567,0.3703728,0.8249018,-0.3209847,-0.8570539,0.2532373,0.4361904,0.1052053
-0.2810487,0.3704571,0.8250532,-0.321031,-0.8568007,0.2531867,0.4367672,0.1049962
-0.2800499,0.3703585,0.8253321,-0.3212998,-0.856564,0.2530169,0.4373866,0.1047563
-0.2795711,0.3702921,0.8254349,-0.32153,-0.8562729,0.252964,0.4380476,0.1045025
-0.2790046,0.3702219,0.8255608,-0.3217795,-0.8562729,0.252964,0.4380474,0.1045025
-0.2782121,0.3702323,0.8257568,-0.321951,-0.8555831,0.2528751,0.4395491,0.1040626
-0.2772598,0.3701396,0.8260739,-0.3220652,-0.8552197,0.2528155,0.4403513,0.1038019
-0.2762241,0.3700658,0.8263961,-0.3222133,-0.8547797,0.2528717,0.4412284,0.1035633
-0.2750987,0.3699303,0.826749,-0.3224262,-0.85432,0.2529136,0.4421815,0.1031875
-0.2739294,0.3696487,0.8271356,-0.322753,-0.8533889,0.2528329,0.4443113,0.1019338
-0.2726118,0.369278,0.8276001,-0.3231024,-0.8533891,0.2528329,0.4443113,0.1019339
-0.2712738,0.3687558,0.8281185,-0.3234963,-0.8522875,0.2526526,0.4469861,0.09988133
-0.2699237,0.3680435,0.8287374,-0.3238516,-0.8519092,0.2519525,0.4484805,0.09816528
-0.2684636,0.3671383,0.8295306,-0.324062,-0.851642,0.2508794,0.4500564,0.09599556
-0.2669514,0.3658706,0.8304821,-0.3243076,-0.8516421,0.2508793,0.4500564,0.09599556
-0.2655467,0.3642474,0.8314798,-0.3247308,-0.8515546,0.2471944,0.4534745,0.09005952
-0.2642987,0.3622593,0.8324599,-0.3254618,-0.851591,0.2447954,0.455397,0.08649905
-0.2628717,0.3602543,0.8334608,-0.3262801,-0.851506,0.2422835,0.4576025,0.08268361
-0.26127,0.3579394,0.8346493,-0.3270753,-0.8513293,0.2395303,0.460088,0.07863291
-0.2592815,0.355634,0.8359485,-0.3278537,-0.851092,0.2363141,0.4629039,0.07428525
-0.2568813,0.3532974,0.8374181,-0.3285184,-0.8508947,0.2324919,0.4659298,0.06954002
-0.2543563,0.3510762,0.8387913,-0.3293599,-0.8504622,0.2286574,0.4692354,0.06517892
-0.2514382,0.3489323,0.840275,-0.3300956,-0.849772,0.2248668,0.472879,0.06089509
-0.2481684,0.3467126,0.8419288,-0.3306948,-0.8488554,0.2211239,0.4767964,0.05669608
-0.244369,0.3445842,0.8438038,-0.3309703,-0.8476738,0.2175614,0.4809871,0.05261387
-0.2402813,0.3423794,0.845845,-0.3310404,-0.8462622,0.214302,0.4853303,0.0486794
-0.235883,0.3400835,0.8480573,-0.3309108,-0.8446439,0.2111591,0.4898476,0.04514995
-0.2313421,0.337725,0.8503803,-0.3305698,-0.8429245,0.2079661,0.4944517,0.0417885
-0.2264962,0.3354147,0.8528724,-0.3298567,-0.8410478,0.2045304,0.4993142,0.03861965
-0.2214801,0.3331061,0.8556247,-0.3284717,-0.8388788,0.2010581,0.5045603,0.03574038
-0.2114753,0.3280382,0.8616639,-0.3243529,-0.836473,0.1971257,0.5102756,0.03276106
-0.2065002,0.3251501,0.8650101,-0.3215477,-0.834023,0.1923522,0.5162761,0.02942698
-0.2015592,0.3219213,0.8685471,-0.318382,-0.8298993,0.1785809,0.528107,0.02189346
-0.197098,0.3182193,0.8719995,-0.3154458,-0.827668,0.1711627,0.5341706,0.01820341
-0.1927904,0.3150401,0.8752128,-0.3123848,-0.8251081,0.1639424,0.5404623,0.01484478
-0.1883504,0.3121741,0.8784596,-0.3088373,-0.8221948,0.1572024,0.5469368,0.01198123
-0.1833342,0.3095986,0.8819091,-0.3045879,-0.8183493,0.1531402,0.5538427,0.01053921
-0.1776465,0.3074213,0.8854961,-0.2997179,-0.8133212,0.1521734,0.5614557,0.01093889
-0.1707472,0.3062803,0.8889914,-0.2945036,-0.8066167,0.1562093,0.5698903,0.01391448
-0.1630057,0.3062702,0.8922014,-0.2891449,-0.7982125,0.1646657,0.5790833,0.02012665
-0.154519,0.3072684,0.8953058,-0.2830863,-0.7874984,0.1783434,0.5891759,0.03019593
-0.1452563,0.3091145,0.898296,-0.27643,-0.774325,0.1965317,0.599847,0.04449923
-0.1358954,0.3118207,0.9007459,-0.270106,-0.7583483,0.2197991,0.6104158,0.06315779
-0.1265249,0.3152808,0.9026468,-0.2642319,-0.7386919,0.24884,0.6205119,0.08589774
-0.1169852,0.3195748,0.9039977,-0.2587947,-0.7154126,0.2824454,0.6292918,0.1113629
-0.1079815,0.3244572,0.9047372,-0.2540049,-0.6892006,0.3184056,0.6358322,0.1390623
-0.09980629,0.3299461,0.9047181,-0.2503193,-0.660573,0.3557111,0.6392383,0.1687827
-0.0928348,0.3361491,0.9038154,-0.2479991,-0.6287178,0.3943138,0.6399983,0.1990806
-0.08735164,0.3424119,0.9021803,-0.247376,-0.5917409,0.4357837,0.6380053,0.2299674
-0.08295968,0.3491371,0.8998065,-0.2481323,-0.5562701,0.4735243,0.6318448,0.2590578
-0.07979639,0.3563641,0.8967392,-0.2499923,-0.5213696,0.5073763,0.6227586,0.2879505
-0.07779914,0.3636551,0.8932385,-0.2526414,-0.4831062,0.5432194,0.610746,0.3138646
-0.07639056,0.3712207,0.8894267,-0.2554994,-0.4459662,0.5749743,0.5965964,0.338514
-0.0755268,0.3792434,0.8853094,-0.2582593,-0.4111668,0.6019681,0.5822031,0.3600224
-0.07516389,0.3966572,0.8763241,-0.2628116,-0.3776923,0.6245993,0.5691208,0.3785841
-0.07536045,0.4057505,0.871578,-0.2646496,-0.3454841,0.6437973,0.5574798,0.3941861
-0.07536046,0.4057505,0.8715781,-0.2646496,-0.3157596,0.6594498,0.5475072,0.4070112
-0.07695273,0.4226254,0.8625081,-0.2674817,-0.2870168,0.6727164,0.5392354,0.417492
-0.07811439,0.4297497,0.8586636,-0.2681614,-0.2298524,0.6955609,0.525858,0.4322461
-0.08016443,0.436349,0.8548863,-0.2689667,-0.2298523,0.6955609,0.525858,0.4322461
-0.08358862,0.4422014,0.8510869,-0.270412,-0.1722534,0.7166075,0.5127364,0.4403461
-0.08970636,0.4457931,0.847617,-0.2734363,-0.1463954,0.7250303,0.5077778,0.4416583
-0.09718126,0.4474318,0.8448173,-0.276848,-0.1232558,0.7315928,0.5045024,0.4416535
-0.1051305,0.4480117,0.8425176,-0.2799954,-0.1026724,0.7364501,0.5030651,0.4404833
-0.1140833,0.4475719,0.8404447,-0.2834034,-0.08434231,0.7401606,0.5030822,0.4381297
-0.1240778,0.4467162,0.8381754,-0.2872481,-0.06715018,0.7433091,0.5036895,0.4350632
-0.1336828,0.445427,0.8362453,-0.2905476,-0.05073411,0.7460554,0.5046682,0.4314371
-0.1422916,0.4437293,0.8348809,-0.2929705,-0.03463262,0.7487353,0.5054423,0.427463
-0.1499056,0.4422122,0.8337622,-0.2946483,-0.01904448,0.7509618,0.5061381,0.4236963
-0.157018,0.4409672,0.8326359,-0.2959918,-0.003442898,0.7530832,0.5064887,0.4199088
-0.1642009,0.4398407,0.8314199,-0.2971857,0.01244581,0.7553768,0.5055633,0.416722
-0.1707001,0.4390229,0.8304227,-0.2975213,0.0282044,0.7573686,0.5039801,0.4142487
-0.1769093,0.4380559,0.8296435,-0.2974928,0.04410685,0.7593507,0.5019186,0.4117272
-0.1828649,0.4369802,0.8290026,-0.2972605,0.05847967,0.7606472,0.5001807,0.4096531
-0.1890329,0.4362769,0.8280806,-0.2970051,0.0716918,0.7621419,0.4978426,0.4076193
-0.1953246,0.4361046,0.8268502,-0.2966144,0.08397248,0.7633623,0.4957588,0.4055244
-0.2011256,0.4359682,0.8259409,-0.2954691,0.09410828,0.7642261,0.4942877,0.4034624
-0.2068055,0.4357606,0.8251618,-0.294028,0.1028509,0.7650002,0.4933402,0.4010139
-0.2123906,0.4359112,0.8242651,-0.2923335,0.1108031,0.7659475,0.492347,0.3982987
-0.2185163,0.4356334,0.8234136,-0.2906284,0.1166513,0.7667959,0.4915669,0.3959532
-0.2247254,0.4356354,0.8223208,-0.2889795,0.1227417,0.7683147,0.4894703,0.393759
-0.231391,0.4355225,0.8209651,-0.2877416,0.1275672,0.7700915,0.4871329,0.3916476
-0.2381039,0.4353856,0.8194566,-0.2867699,0.1299627,0.7718688,0.4852899,0.3896439
-0.2444037,0.4350963,0.8180686,-0.2858711,0.1301901,0.7737119,0.4837001,0.3878855
-0.2503064,0.4346087,0.81683,-0.2850453,0.1294695,0.775681,0.4817746,0.3865874
-0.2558496,0.4343102,0.815612,-0.2840655,0.1287197,0.7781463,0.478889,0.3854676
-0.2610401,0.4340326,0.8145463,-0.282822,0.127038,0.7809008,0.4754518,0.3847091
-0.2661885,0.433552,0.8135636,-0.2815868,0.1250303,0.7839209,0.4713642,0.3842547
-0.2758896,0.43228,0.8116722,-0.2796563,0.1228534,0.7868581,0.4666535,0.3847032
-0.2798537,0.4321314,0.8108886,-0.2782161,0.1215439,0.7898645,0.4610603,0.3857006
-0.2798537,0.4321315,0.8108885,-0.2782161,0.1196732,0.7926328,0.4556043,0.3870874
-0.2870523,0.4318843,0.8100583,-0.2736475,0.1172004,0.7955012,0.4501992,0.3882825
-0.2904336,0.4312443,0.8101237,-0.2708813,0.1090655,0.8003979,0.4417536,0.3902847
-0.2937652,0.4302988,0.8105068,-0.2676266,0.1090654,0.8003979,0.4417536,0.3902846
-0.2967151,0.4295433,0.8110722,-0.2638464,0.1011545,0.8049308,0.4335976,0.3922342
-0.3001566,0.4285267,0.8115855,-0.2600003,0.09738082,0.8071576,0.4292966,0.3933427
-0.3034723,0.4272925,0.8122705,-0.256013,0.09320138,0.8092452,0.4251873,0.3945278
-0.3062159,0.4260968,0.8131803,-0.2518159,0.08847464,0.8112078,0.4212936,0.3957599
-0.3084374,0.4252031,0.8141472,-0.2474537,0.08395144,0.8131298,0.4173471,0.3969808
-0.310328,0.4244959,0.8151049,-0.2431136,0.07970338,0.8152121,0.4127226,0.3984182
-0.3122042,0.4240124,0.8158633,-0.2389755,0.07571512,0.8172792,0.4075043,0.400328
-0.3138374,0.4236467,0.8165722,-0.2350319,0.07207929,0.8193873,0.4020426,0.402208
-0.3155634,0.4230814,0.8172451,-0.2313712,0.0678352,0.8212465,0.3969659,0.4041922
-0.3171238,0.4227431,0.8178923,-0.2275378,0.0630114,0.8229275,0.3924436,0.4059656
-0.3188536,0.422156,0.8186052,-0.2236121,0.057678,0.8244971,0.3882643,0.4075892
-0.3208897,0.4213873,0.8192295,-0.2198319,0.05257931,0.8259665,0.3842204,0.4091333
-0.3233969,0.4202259,0.8197519,-0.2164063,0.04776482,0.8274736,0.3802211,0.4104121
-0.3256471,0.4191474,0.8203006,-0.2130177,0.04265461,0.8287911,0.3766871,0.4115741
-0.3280142,0.4179706,0.8207998,-0.2097502,0.03796817,0.8299516,0.3733127,0.4127668
-0.3302717,0.4169772,0.8212023,-0.2065861,0.03393146,0.8310226,0.3701038,0.413852
-0.3324748,0.4161789,0.8214666,-0.2035898,0.03000459,0.8319623,0.3671546,0.4148935
-0.3346965,0.4153903,0.8216404,-0.2008398,0.02626097,0.8329076,0.3644876,0.4156013
-0.3370275,0.4144285,0.8217736,-0.1983677,0.02226952,0.8336278,0.362298,0.4163043
-0.3391692,0.4135755,0.821878,-0.1960519,0.01868122,0.834132,0.3605449,0.4169922
-0.3410814,0.4130278,0.8218695,-0.1939137,0.01637797,0.8349314,0.3582938,0.4174293
-0.342776,0.4128622,0.8216951,-0.1920071,0.01416393,0.8357887,0.3559694,0.4177831
-0.344467,0.4126201,0.8214738,-0.1904428,0.01257301,0.8367036,0.3536161,0.4180014
-0.3459964,0.4124216,0.8212318,-0.1891387,0.0112172,0.8376946,0.3513692,0.4179497
-0.3472733,0.4124763,0.820943,-0.1879298,0.009792902,0.8386266,0.3494095,0.4177592
-0.348893,0.4132014,0.8204858,-0.1853148,0.007861018,0.8393844,0.3481317,0.4173447
-0.3497382,0.4133882,0.8202724,-0.1842466,0.006488454,0.8402022,0.3469391,0.4167153
-0.3497382,0.4133883,0.8202725,-0.1842466,0.005690936,0.8411773,0.3456584,0.4158235
-0.3516884,0.4135487,0.8196659,-0.182869,0.004581206,0.8421015,0.3445355,0.4148973
-0.3524992,0.4134842,0.8194656,-0.182351,0.003285456,0.8429564,0.3436366,0.4139179
-0.3535469,0.4137254,0.8189518,-0.1820831,0.002204936,0.8438711,0.3424666,0.4130303
-0.3545998,0.4137752,0.8185422,-0.1817638,0.001233663,0.8446114,0.3412851,0.4124986
-0.3551929,0.4139661,0.8183147,-0.1811945,0.0003266484,0.8453214,0.3399319,0.412163
-0.3554862,0.4144969,0.8180408,-0.1806422,-0.0008532777,0.8464101,0.3372992,0.4120908
-0.3556339,0.4152666,0.8177221,-0.1800254,-0.000853356,0.8464101,0.3372993,0.4120908
-0.3553814,0.4163413,0.8174868,-0.1791074,-0.001924798,0.8473861,0.3341407,0.4126542
-0.354877,0.4176567,0.8172979,-0.1779031,-0.002112992,0.8477848,0.3325023,0.4131575
-0.3545121,0.4189407,0.8170649,-0.1766781,-0.001992866,0.8481895,0.3306661,0.4138006
-0.3544221,0.4202207,0.8166834,-0.1755795,-0.0017226,0.8485819,0.3289296,0.4143808
-0.3546842,0.4212759,0.8162366,-0.1745959,-0.001858793,0.8489237,0.3273235,0.4149514
-0.3551672,0.4219126,0.8159167,-0.1735693,-0.001995947,0.8492837,0.3257439,0.4154572
-0.3557821,0.4223613,0.8156394,-0.172518,-0.002232455,0.8497122,0.323969,0.4159669
-0.356848,0.4226131,0.8152303,-0.1716314,-0.00258109,0.8502311,0.3220264,0.4164127
-0.3580192,0.4230889,0.8146224,-0.1709049,-0.003194332,0.850743,0.3200767,0.4168659
-0.358889,0.4237743,0.8140948,-0.1698946,-0.004223429,0.8512441,0.3181621,0.4172999
-0.3596351,0.4241664,0.8138234,-0.1686335,-0.004929908,0.8518308,0.3161253,0.417642
-0.3603619,0.4246916,0.8134958,-0.1673365,-0.005882684,0.8524976,0.3137861,0.4180335
-0.361288,0.425182,0.8130848,-0.1660873,-0.00704461,0.8531486,0.3114854,0.4184079
-0.3621274,0.4256778,0.8127301,-0.1647185,-0.008428987,0.8538284,0.3090892,0.4187721
-0.3629578,0.4261475,0.8124151,-0.1632226,-0.009941772,0.8545305,0.3066441,0.4191042
-0.3640492,0.4263808,0.8121048,-0.1617214,-0.01158855,0.8553547,0.3040971,0.4192366
-0.3652455,0.4265321,0.8117846,-0.1602254,-0.01350643,0.8561031,0.3015923,0.4194613
-0.3664722,0.4267119,0.8114516,-0.1586248,-0.01549319,0.8568996,0.2988247,0.4197469
-0.3680677,0.4265344,0.8111629,-0.1568745,-0.01703949,0.8578017,0.2956582,0.4200861
-0.369796,0.4263824,0.8108339,-0.154912,-0.01861235,0.8587613,0.2921185,0.4205354
-0.3729546,0.426811,0.8099654,-0.1506445,-0.0208014,0.8595964,0.2885843,0.4211659
-0.3744978,0.4267986,0.8096942,-0.1482903,-0.02331118,0.8604119,0.2850504,0.4217754
-0.3760139,0.4266243,0.8095655,-0.1456338,-0.0262612,0.8611062,0.2816108,0.4224955
-0.376014,0.4266242,0.8095655,-0.1456338,-0.02969398,0.8618683,0.2779288,0.4231517
-0.3786744,0.4265575,0.8094487,-0.1394564,-0.03265574,0.8627226,0.2738874,0.4238275
-0.3800067,0.4264437,0.8094463,-0.1361532,-0.03557001,0.8636659,0.269599,0.4244207
-0.3800067,0.4264436,0.8094464,-0.1361532,-0.03950866,0.8644136,0.2656868,0.4250166
-0.3822723,0.4256431,0.8100672,-0.128403,-0.048251,0.8655121,0.2580598,0.426575
-0.3835573,0.4253264,0.810311,-0.1240051,-0.05271776,0.8660156,0.254096,0.427403
-0.3851557,0.4249732,0.8104245,-0.119438,-0.05271772,0.8660159,0.254096,0.4274031
-0.3869221,0.4243373,0.8106385,-0.1144313,-0.06279306,0.8665409,0.246517,0.4294107
-0.3886835,0.4234379,0.8110368,-0.108835,-0.06722064,0.8667289,0.2426326,0.4305718
-0.3903302,0.4229279,0.8112922,-0.1028565,-0.07220085,0.8666446,0.2388469,0.4320491
-0.3923622,0.4225136,0.8112531,-0.09696885,-0.0760869,0.8668443,0.2342842,0.4334777
-0.3946561,0.4219249,0.8111255,-0.09111339,-0.0804925,0.8668068,0.2298783,0.4351127
-0.3968605,0.4210033,0.8111823,-0.08509707,-0.08049259,0.8668068,0.2298782,0.4351127
-0.3989299,0.420089,0.8112531,-0.07905061,-0.09077652,0.8662655,0.2212223,0.4386399
-0.4010583,0.4192497,0.811203,-0.07301925,-0.09631261,0.8657268,0.2165898,0.4408289
-0.4035314,0.4183936,0.8109235,-0.06717306,-0.1006019,0.8655788,0.2111846,0.4427795
-0.405987,0.4175902,0.8105769,-0.06130436,-0.1053741,0.8652881,0.2057852,0.4447753
-0.4085735,0.416717,0.8101407,-0.05555826,-0.1108072,0.8647267,0.2004389,0.4469833
-0.4111871,0.4157678,0.8096859,-0.04971367,-0.1108072,0.8647268,0.200439,0.4469833
-0.4135591,0.4151556,0.8091368,-0.04373089,-0.1108073,0.8647269,0.200439,0.4469833
-0.4159873,0.4143407,0.8086032,-0.03791693,-0.1255391,0.8634907,0.182204,0.453239
-0.4180361,0.4139292,0.8080113,-0.03203681,-0.1302462,0.8628653,0.1760191,0.4555406
-0.4205688,0.4132354,0.8072613,-0.02622912,-0.1354237,0.8619362,0.1702936,0.4579596
-0.4232981,0.4121925,0.8065319,-0.02056684,-0.1414992,0.8603985,0.1653338,0.4608226
-0.4261786,0.4108511,0.8058199,-0.01509671,-0.1414992,0.8603985,0.1653339,0.4608226
-0.4291237,0.4093277,0.8051119,-0.009950049,-0.1522021,0.8581544,0.1539672,0.465511
-0.432064,0.4076641,0.8044275,-0.005256832,-0.1573807,0.8569513,0.1480674,0.4679124
-0.4346771,0.4062371,0.8037581,-0.0007104725,-0.1573807,0.8569513,0.1480675,0.4679126
-0.4368698,0.4055063,0.8029291,0.003809281,-0.1682525,0.8542682,0.1363138,0.4725842
-0.4400933,0.4047954,0.8014438,0.0121149,-0.1737975,0.8530529,0.1304562,0.4744225
-0.4400933,0.4047955,0.8014438,0.01211488,-0.1802395,0.851206,0.1252167,0.4767427
-0.4420087,0.4042049,0.8006316,0.01536498,-0.1852157,0.8500507,0.1183149,0.4786554
-0.4461783,0.4020606,0.7992547,0.02155521,-0.1903873,0.8486783,0.1118492,0.4806122
-0.4461783,0.4020606,0.7992545,0.0215552,-0.1954687,0.8475809,0.1056711,0.481905
-0.4474877,0.4020254,0.7984494,0.02468478,-0.2013253,0.8460387,0.1004169,0.4833255
-0.4474877,0.4020255,0.7984493,0.02468479,-0.2071398,0.844385,0.09573673,0.4847084
-0.4509543,0.4015212,0.796496,0.03186363,-0.2170493,0.8413454,0.08511929,0.4876297
-0.4523492,0.4010888,0.7958606,0.03338198,-0.2206202,0.8407746,0.07855561,0.4881131
-0.453432,0.401292,0.7950875,0.03465058,-0.2242966,0.8401549,0.07247188,0.4884454
-0.4541268,0.4017478,0.7944017,0.03596896,-0.2278551,0.8398181,0.06636409,0.4882457
-0.4548044,0.4018691,0.7938899,0.03732857,-0.2316788,0.8389484,0.061631,0.4885619
-0.4555189,0.4016967,0.7935191,0.03834117,-0.2348503,0.8381663,0.05724283,0.4889235
-0.4560611,0.4016645,0.7931798,0.03924332,-0.2372358,0.8379187,0.05187147,0.4887956
-0.4565693,0.4020237,0.7926668,0.04000964,-0.2397661,0.8374763,0.04841341,0.4886741
-0.4570641,0.4022164,0.7922455,0.04076362,-0.2425722,0.8368835,0.04580137,0.4885564
-0.4577747,0.401493,0.79217,0.04138728,-0.2457622,0.8359174,0.04421931,0.4887618
-0.4584003,0.4006783,0.7921974,0.04183146,-0.2483236,0.8352417,0.04199512,0.4888186
-0.4589996,0.4005058,0.7919251,0.04206221,-0.2501991,0.8348421,0.0404609,0.4886742
-0.4596422,0.4006006,0.791492,0.04229779,-0.2514925,0.8348412,0.03873475,0.4881516
-0.4600196,0.4003561,0.7913718,0.04275553,-0.2528067,0.834785,0.03765222,0.4876533
-0.4600488,0.4000049,0.791505,0.04326156,-0.2542841,0.8345808,0.03714423,0.4872733
-0.4602514,0.3998001,0.7914864,0.04334322,-0.2558347,0.834336,0.03684219,0.4869038
-0.4608656,0.3995202,0.791295,0.04288159,-0.2571748,0.8342037,0.03623347,0.4864694
-0.4614827,0.3989522,0.7912468,0.04242254,-0.2581677,0.834223,0.03601114,0.485927
-0.4614827,0.3989521,0.7912468,0.04242253,-0.2588502,0.8343681,0.03596989,0.4853172
-0.4624045,0.3971627,0.7916374,0.04188747,-0.2594424,0.8345705,0.03582554,0.4846634
-0.4630093,0.3964829,0.7916337,0.04171323,-0.2601163,0.8347679,0.03541368,0.4839918
-0.4637264,0.395985,0.7914712,0.04156095,-0.261021,0.8348095,0.03510138,0.4834557
-0.4641017,0.3958366,0.7913243,0.04158149,-0.2621274,0.8346595,0.03505295,0.4831193
-0.4643692,0.3954096,0.7913386,0.04238039,-0.2631765,0.8344485,0.03501215,0.4829167
-0.4643691,0.3954095,0.7913384,0.0423804,-0.2631764,0.8344485,0.03501211,0.4829166
-0.4649345,0.3956418,0.7908754,0.04266103,-0.2641186,0.8345854,0.03382174,0.4822501
-0.4663126,0.3961775,0.7897522,0.043447,-0.2639082,0.8350078,0.03275525,0.4817072
-0.4668525,0.3962959,0.789336,0.04412961,-0.2635618,0.8354944,0.03167802,0.4811251
-0.4668525,0.3962959,0.7893359,0.04412962,-0.2635484,0.8357508,0.03092075,0.4807363
-0.4681585,0.3963508,0.7884708,0.04525087,-0.2639093,0.8357687,0.03046633,0.4805362
-0.4688948,0.3963285,0.7880052,0.04592801,-0.2642914,0.8357542,0.03001041,0.4803798
-0.4697943,0.3963728,0.787397,0.04677828,-0.2644728,0.8361704,0.02871418,0.4796344
-0.4707427,0.3959958,0.7869658,0.04768369,-0.2647668,0.836413,0.02820561,0.4790788
-0.4716143,0.3953102,0.786725,0.04872239,-0.2653719,0.8365213,0.02786037,0.4785753
-0.4725138,0.3943322,0.7866066,0.04982877,-0.266152,0.8365425,0.02765828,0.4781159
-0.4734942,0.3932793,0.7864702,0.05098353,-0.2671242,0.8365069,0.027473,0.4776466
-0.4747496,0.3919729,0.7862893,0.05214819,-0.2683755,0.8363205,0.02743289,0.477274
-0.4761446,0.3903003,0.7861922,0.05342363,-0.2697458,0.8360026,0.02744172,0.4770576
-0.4772377,0.3889644,0.7860778,0.05507402,-0.2709565,0.835703,0.02727254,0.4769067
-0.4783222,0.3878339,0.7858315,0.05711443,-0.2717918,0.8354803,0.02668867,0.4768542
-0.4799197,0.3864327,0.7854151,0.05891061,-0.2724773,0.8351855,0.02605211,0.4770148
-0.4811772,0.385203,0.7850936,0.06095653,-0.2736364,0.834471,0.02578724,0.4776158
-0.4817635,0.3841786,0.7850337,0.06350834,-0.275362,0.8333097,0.0259138,0.4786437
-0.4824128,0.3833085,0.78484,0.06617452,-0.277182,0.8321303,0.02580808,0.4796494
-0.4835089,0.3820638,0.7845442,0.06882644,-0.2786892,0.8311955,0.02540865,0.4804174
-0.4847045,0.3803919,0.7843745,0.07155753,-0.2801293,0.8304015,0.02500387,0.4809742
-0.4854501,0.3789025,0.7843537,0.07456812,-0.2818917,0.8294944,0.02479356,0.4815202
-0.4862321,0.377058,0.7844619,0.07762391,-0.2839596,0.8284342,0.0246489,0.4821372
-0.4874327,0.3747008,0.7845668,0.08039902,-0.2859862,0.8273789,0.02445661,0.4827614
-0.4888726,0.3723473,0.7845262,0.08294753,-0.2879172,0.8262929,0.02425381,0.4834834
-0.4901973,0.3701144,0.7844753,0.08556021,-0.2898898,0.8251407,0.02402312,0.484283
-0.4912528,0.3680606,0.7844781,0.08829773,-0.291951,0.8238734,0.02387567,0.4852087
-0.4920515,0.3662837,0.7844874,0.09111243,-0.2937325,0.8227305,0.02348758,0.4860908
-0.4935326,0.3633378,0.7842627,0.096661,-0.2952726,0.8217977,0.0227375,0.4867706
-0.4935327,0.3633379,0.784263,0.09666102,-0.2971104,0.8208051,0.02216041,0.4873539
-0.494407,0.3601602,0.7845187,0.1018678,-0.299419,0.8196053,0.02195729,0.4879692
-0.4951242,0.358183,0.7846741,0.1041346,-0.3016693,0.8184798,0.02163763,0.4884863
-0.4960356,0.3562154,0.7847282,0.10612,-0.3035779,0.8175869,0.02110205,0.4888224
-0.4970129,0.3541467,0.7847918,0.1079838,-0.3054191,0.8167089,0.02067531,0.4891613
-0.497013,0.3541467,0.7847918,0.1079838,-0.3075803,0.8156391,0.02076994,0.4895878
-0.4984675,0.3501416,0.7851056,0.1119848,-0.3101343,0.8143997,0.02044803,0.4900533
-0.4984675,0.3501416,0.7851056,0.1119848,-0.31253,0.8132468,0.02072575,0.4904342
-0.5001072,0.3462259,0.7853158,0.1153247,-0.3173262,0.8110594,0.02132108,0.4909504
-0.5009975,0.343981,0.7855032,0.1168922,-0.3200085,0.8098696,0.02125995,0.4911765
-0.5018778,0.3418006,0.78567,0.1183813,-0.3224205,0.8087801,0.02152835,0.4913827
-0.5027768,0.339826,0.7857419,0.1197664,-0.3224204,0.80878,0.02152834,0.4913827
-0.5035111,0.3383159,0.7857,0.1212231,-0.3262755,0.8070762,0.02135288,0.4916469
-0.5042884,0.3369236,0.7855626,0.1227498,-0.3277436,0.8062711,0.02147437,0.4919858
-0.5051069,0.336164,0.7851263,0.1242489,-0.3287165,0.8057156,0.02101079,0.492267
-0.5059426,0.3358198,0.7845289,0.1255462,-0.3292424,0.8053981,0.0205414,0.4924551
-0.5066305,0.3353751,0.7840431,0.1269876,-0.3298273,0.8050738,0.02067791,0.492588
-0.5071905,0.3346302,0.7837605,0.1284534,-0.3306855,0.8046372,0.02067709,0.4927261
-0.5074444,0.3339108,0.7836609,0.1299229,-0.331993,0.8039805,0.02102606,0.4929044
-0.5076259,0.3329754,0.783715,0.1312795,-0.3336698,0.8031426,0.02188292,0.4931003
-0.5077128,0.3320209,0.783865,0.1324614,-0.3354293,0.8023331,0.02229438,0.4932059
-0.5079514,0.330659,0.7841434,0.1333015,-0.3369629,0.801617,0.0232146,0.4932824
-0.508451,0.328637,0.7845781,0.1338385,-0.3385642,0.8010101,0.02325976,0.49317
-0.5089135,0.326659,0.7850403,0.1342123,-0.340255,0.8003433,0.02405235,0.4930505
-0.509338,0.3246485,0.7855473,0.134514,-0.3421801,0.7994973,0.02497096,0.4930452
-0.5096611,0.3228499,0.7860469,0.1347007,-0.3437395,0.7987825,0.02574173,0.4930795
-0.509925,0.3214725,0.7863972,0.1349495,-0.3448203,0.7982884,0.02587028,0.4931181
-0.5101649,0.3203949,0.786605,0.1353948,-0.3457309,0.7978144,0.02618797,0.4932309
-0.5106869,0.3190011,0.7866918,0.1362117,-0.3465332,0.7973193,0.02669794,0.4934412
-0.5106868,0.3190012,0.7866918,0.1362117,-0.347177,0.7969784,0.02704277,0.4935203
-0.5106682,0.3182048,0.7868794,0.1370573,-0.3476613,0.7968579,0.02647908,0.4934047
-0.5110387,0.3177253,0.7868233,0.1371114,-0.3479187,0.7969446,0.02648157,0.4930832
-0.5107911,0.3172453,0.7871236,0.1374222,-0.3482449,0.7970473,0.02574917,0.4927258
-0.5111691,0.3158073,0.7874625,0.137387,-0.3488887,0.7967765,0.02606207,0.4926914
-0.5113379,0.3152184,0.7876062,0.1372876,-0.3495999,0.7964247,0.02603101,0.492758
-0.5117134,0.3145802,0.7876358,0.1371825,-0.3503487,0.796157,0.02534409,0.4926946
-0.5118747,0.3141414,0.787691,0.1372685,-0.3504871,0.796185,0.02477304,0.4925799
-0.5117869,0.3142076,0.7876713,0.1375565,-0.3506956,0.796165,0.02420885,0.492492
-0.5117472,0.3142444,0.7876372,0.1378148,-0.3508396,0.7961729,0.02350139,0.4924108
-0.5117577,0.314299,0.7875652,0.1380645,-0.350626,0.796388,0.022398,0.4922667
-0.5120987,0.3142478,0.7873683,0.1380402,-0.3498453,0.796878,0.02070938,0.4921029
-0.5120987,0.3142478,0.7873682,0.1380402,-0.3489071,0.797336,0.01887482,0.4921011
-0.512992,0.3144305,0.7867256,0.1379715,-0.3480965,0.7976653,0.01703997,0.4922081
-0.5130084,0.3148796,0.786437,0.1385292,-0.3475839,0.7978102,0.01538799,0.4923899
-0.5128092,0.3154891,0.7861831,0.1393207,-0.3472445,0.7979017,0.01387929,0.4925264
-0.5127627,0.315975,0.7858728,0.1401371,-0.3472821,0.7978718,0.01248256,0.4925851
-0.5130025,0.315902,0.7856081,0.140907,-0.3477578,0.7977594,0.01107068,0.4924656
-0.5130025,0.315902,0.7856082,0.1409071,-0.3484554,0.7976698,0.009513084,0.4921504
-0.5141975,0.3139316,0.7854249,0.1419718,-0.3492557,0.7975457,0.007898234,0.4918123
-0.5149348,0.3125667,0.7853836,0.1425381,-0.3503163,0.7972229,0.006233875,0.4916052
-0.5156649,0.3113008,0.7852692,0.1432981,-0.3516545,0.7966762,0.004536513,0.4915549
-0.516322,0.3105319,0.7849776,0.1441951,-0.3532402,0.7959778,0.002639424,0.4915629
-0.5174646,0.3090057,0.7845179,0.1458702,-0.3547471,0.7953673,0.0004036799,0.4914733
-0.5174646,0.3090057,0.7845179,0.1458702,-0.3547471,0.7953671,0.0004036874,0.4914734
-0.5184885,0.3076985,0.7839516,0.1480257,-0.357512,0.7943159,-0.005154565,0.4911428
-0.5189473,0.306818,0.7838022,0.1490332,-0.359259,0.7935309,-0.007874917,0.4911009
-0.5195823,0.3060349,0.7835039,0.149996,-0.3613216,0.7925444,-0.01070579,0.491127
-0.5205724,0.3049481,0.7831154,0.1508028,-0.3634697,0.7915962,-0.01402009,0.490988
-0.5215123,0.3039385,0.7826645,0.1519309,-0.3678721,0.7897596,-0.02154667,0.4903935
-0.5223566,0.3031968,0.7821385,0.1532146,-0.3701883,0.7888072,-0.02567747,0.4899847
-0.5231932,0.3026756,0.7815092,0.1545967,-0.3728518,0.7876858,-0.02986097,0.4895318
-0.5239437,0.302259,0.7808644,0.1561202,-0.3759604,0.7862346,-0.03368819,0.4892386
-0.5246859,0.3016941,0.7802501,0.1577833,-0.3791678,0.7847993,-0.03751354,0.4887893
-0.5256347,0.3008526,0.7796336,0.1592731,-0.3821369,0.7835723,-0.04155745,0.488118
-0.526677,0.3001123,0.7789274,0.1606751,-0.3849566,0.7824896,-0.04594427,0.4872456
-0.5278206,0.2990227,0.778269,0.162138,-0.3881195,0.7812572,-0.05114362,0.4861944
-0.5289472,0.297139,0.7779068,0.1636599,-0.3919011,0.7794546,-0.05467831,0.4856693
-0.5297722,0.2950287,0.7778169,0.1652294,-0.39586,0.7774368,-0.05810618,0.4852948
-0.5305269,0.2930584,0.777698,0.1668652,-0.3995848,0.7755156,-0.06168863,0.4848738
-0.5317219,0.2909319,0.7773291,0.1684935,-0.4029839,0.7737409,-0.06544035,0.4844037
-0.5317221,0.290932,0.7773292,0.1684936,-0.4062242,0.7719854,-0.0698484,0.4838824
-0.5344676,0.2865067,0.7762766,0.1722016,-0.4094898,0.7701194,-0.07303419,0.4836328
-0.5355394,0.2847757,0.7756691,0.174465,-0.4128118,0.7681614,-0.07620594,0.4834328
-0.5364522,0.2831313,0.7751271,0.1767317,-0.4161507,0.7660979,-0.07923669,0.4833577
-0.5374993,0.2813594,0.7746369,0.1785212,-0.4191839,0.7641186,-0.08232807,0.4833533
-0.5385036,0.2794581,0.7742537,0.1801352,-0.422085,0.7621787,-0.08610311,0.4832335
-0.5392776,0.2776087,0.7739767,0.1818613,-0.4252221,0.7599931,-0.08865514,0.4834641
-0.5398071,0.2759265,0.773797,0.1836071,-0.4286159,0.7576764,-0.09102737,0.4836624
-0.5402158,0.2741208,0.7737939,0.1851168,-0.4317906,0.7555499,-0.09449656,0.4834996
-0.5401596,0.2727412,0.7740236,0.1863538,-0.434509,0.753748,-0.09749769,0.4832809
-0.5402012,0.2714475,0.7742494,0.1871818,-0.4372883,0.7519495,-0.100724,0.4829138
-0.5402335,0.26976,0.7746766,0.1877605,-0.4405018,0.7497296,-0.1035574,0.4828457
-0.5399919,0.2682923,0.7752185,0.1883199,-0.4440718,0.7471202,-0.1073799,0.4827851
-0.5391806,0.2681532,0.7756631,0.1890118,-0.4474696,0.7446292,-0.1105707,0.4827764
-0.5386191,0.2681412,0.7759597,0.1894112,-0.4505546,0.7424307,-0.1142378,0.4824385
-0.5372884,0.2678871,0.7769167,0.1896267,-0.4536794,0.7401465,-0.1179416,0.482129
-0.5364098,0.268489,0.7773117,0.1896453,-0.4569518,0.7376449,-0.1226378,0.4817009
-0.5364097,0.268489,0.7773117,0.1896453,-0.4600732,0.7351482,-0.1258923,0.4817071
-0.535316,0.26967,0.7776232,0.1897839,-0.4629332,0.7326905,-0.1303001,0.4815392
-0.5353159,0.26967,0.777623,0.1897839,-0.4657388,0.7303606,-0.1339741,0.4813647
-0.532472,0.2702538,0.7798234,0.1879157,-0.4690208,0.7275828,-0.1377471,0.48132
-0.5309122,0.2707364,0.7808374,0.1874226,-0.4725472,0.7245595,-0.1400415,0.481769
-0.529295,0.2715026,0.7818449,0.1866869,-0.4794581,0.7185766,-0.1454798,0.4822899
-0.527832,0.2723473,0.7828074,0.1855631,-0.4823191,0.7163363,-0.1479605,0.4820152
-0.5266225,0.2724878,0.7838751,0.1842806,-0.4823191,0.7163364,-0.1479606,0.4820153
-0.524974,0.2728505,0.7851044,0.1832107,-0.487216,0.712636,-0.1528749,0.4810407
-0.5230043,0.2737555,0.7863319,0.182228,-0.4898961,0.7102416,-0.1548967,0.4812135
-0.520903,0.2755074,0.7874716,0.1806782,-0.4927126,0.7074971,-0.1573971,0.4815688
-0.5185032,0.2778391,0.7886747,0.1787518,-0.4953099,0.7048054,-0.1589916,0.4823272
-0.5160301,0.2804093,0.7898861,0.1765326,-0.4976451,0.7023515,-0.1608281,0.4828939
-0.5139045,0.2827983,0.7910008,0.1739124,-0.5000103,0.6999261,-0.1625383,0.4833989
-0.5116422,0.285354,0.7921574,0.1711206,-0.5023319,0.6976458,-0.1642051,0.4837251
-0.5088126,0.2875969,0.793761,0.1683495,-0.5044895,0.6956798,-0.165979,0.4837057
-0.5060621,0.2906824,0.7950444,0.1652569,-0.5067003,0.6937881,-0.1678852,0.4834542
-0.5034588,0.2934282,0.796286,0.1623515,-0.5091833,0.6916353,-0.1687796,0.4836184
-0.5006766,0.2958938,0.7976765,0.1596317,-0.5118001,0.6892258,-0.1693728,0.4840882
-0.4973794,0.299006,0.7990766,0.1571195,-0.5142679,0.6866836,-0.1697618,0.4849494
-0.4941732,0.3024446,0.8002837,0.1544875,-0.516495,0.6844854,-0.1699674,0.4856171
-0.4911226,0.3057419,0.8014361,0.1517265,-0.5187757,0.6821597,-0.1699514,0.4864639
-0.4882098,0.3083902,0.8026315,0.149431,-0.521444,0.6793225,-0.1699926,0.4875655
-0.4851522,0.3105612,0.8039826,0.1476195,-0.5243781,0.6760992,-0.1694037,0.4891016
-0.4790667,0.3141055,0.8069919,0.1435173,-0.5278523,0.672065,-0.1681862,0.4913392
-0.475742,0.3157272,0.8086429,0.1417145,-0.531999,0.666966,-0.1664976,0.4943807
-0.4722664,0.317194,0.810335,0.1403915,-0.5363224,0.6614702,-0.1643709,0.4977931
-0.4684495,0.3183223,0.812285,0.1393538,-0.5409051,0.6554945,-0.1624178,0.5013676
-0.4684495,0.3183223,0.812285,0.1393538,-0.545594,0.6491119,-0.1601564,0.5053031
-0.4607917,0.3216775,0.8158672,0.1362202,-0.5505275,0.6419655,-0.1572157,0.509984
-0.4566669,0.3237624,0.8176542,0.1344438,-0.5613934,0.6243337,-0.1497655,0.522126
-0.4522924,0.3255235,0.8197241,0.1323595,-0.5675198,0.613569,-0.1458727,0.5293168
-0.4476805,0.327106,0.8219835,0.1301046,-0.573667,0.6025412,-0.1423939,0.5362598
-0.4430173,0.3283288,0.824441,0.1274107,-0.5794844,0.5921917,-0.1391251,0.5423576
-0.4380967,0.3296983,0.8270028,0.1242456,-0.5845143,0.5832402,-0.1360058,0.5474272
-0.4327222,0.3327757,0.8290893,0.1209269,-0.5889769,0.5754601,-0.1324181,0.5517407
-0.4272624,0.3361175,0.8310261,0.1177628,-0.5936449,0.5674074,-0.1281642,0.5560658
-0.4220468,0.3394837,0.832836,0.1140697,-0.5987961,0.5582223,-0.1229945,0.5609847
-0.4165824,0.3428519,0.8348551,0.1092199,-0.6045257,0.5488111,-0.1179303,0.565197
-0.4113809,0.3458273,0.83691,0.1036874,-0.6100286,0.5386696,-0.112076,0.57021
-0.4064235,0.3483368,0.8390547,0.09730864,-0.61617,0.5274776,-0.10507,0.5753804
-0.4015203,0.3509279,0.8411009,0.09044721,-0.6223504,0.5165595,-0.09669559,0.5800833
-0.3963858,0.3537593,0.8430629,0.08353455,-0.6286997,0.5056098,-0.0864343,0.5844868
-0.3914387,0.3560854,0.8451504,0.07550072,-0.635968,0.4926544,-0.07603484,0.5891143
-0.3867625,0.3586821,0.8469455,0.06667303,-0.6433461,0.4798083,-0.064652,0.5930517
-0.381785,0.3604503,0.849144,0.05718851,-0.6510811,0.4670803,-0.05213373,0.5959964
-0.3761867,0.36202,0.8515953,0.0470163,-0.6587959,0.4543062,-0.03793989,0.5984602
-0.3704282,0.3648945,0.8534184,0.03622293,-0.666669,0.4412746,-0.02293092,0.6002526
-0.361408,0.3684807,0.8561935,0.02322574,-0.6750043,0.4294959,-0.006583363,0.5998828
-0.3603152,0.3660199,0.8579621,0.01021339,-0.6864601,0.4146529,0.01218664,0.5972333
-0.3512615,0.3638287,0.8625182,-0.01750497,-0.6968631,0.404409,0.0301369,0.5915462
-0.347638,0.3617544,0.8643982,-0.03313002,-0.7070202,0.3984973,0.04837015,0.5822227
-0.347638,0.3617545,0.8643982,-0.03313001,-0.7160053,0.3970299,0.06677957,0.5703022
-0.3404462,0.3566484,0.8674285,-0.06682944,-0.7316208,0.4047511,0.1058427,0.5382427
-0.3369862,0.3545352,0.8682107,-0.08340213,-0.7393028,0.4093575,0.1260602,0.5195838
-0.3343771,0.3517229,0.8685076,-0.1008856,-0.7464939,0.4138821,0.1463872,0.5000199
-0.3324058,0.3476788,0.8686208,-0.1188444,-0.7528038,0.4200599,0.1659788,0.4788398
-0.3306299,0.3438513,0.8680835,-0.1374097,-0.7581083,0.4275393,0.1854503,0.4561697
-0.3293248,0.3401942,0.866897,-0.1558945,-0.7628791,0.4326718,0.2056346,0.4341952
-0.3277751,0.3377646,0.8651703,-0.1730869,-0.7681621,0.4336562,0.2263746,0.4130664
-0.326483,0.3370423,0.8625655,-0.1891884,-0.773011,0.4328612,0.2469201,0.3925762
-0.3256907,0.3364238,0.8598216,-0.2035965,-0.7771979,0.4330227,0.266034,0.3710537
-0.3245134,0.3362735,0.8573642,-0.2157273,-0.7794429,0.4370765,0.2827949,0.3485116
-0.3215834,0.3373667,0.8554911,-0.2256173,-0.7799516,0.4436313,0.2977543,0.3258979
-0.3191914,0.3377862,0.853523,-0.2356191,-0.7792624,0.4493645,0.3117728,0.3059738
-0.3179101,0.3395697,0.8503319,-0.2460929,-0.7785919,0.4532676,0.3244434,0.2882361
-0.3173076,0.3415337,0.8470042,-0.25545,-0.7781228,0.4563212,0.335683,0.2713176
-0.316217,0.343745,0.8442149,-0.26296,-0.7780989,0.4583291,0.3454963,0.2552048
-0.313899,0.3454811,0.8426687,-0.2683658,-0.7782547,0.459909,0.3537806,0.24009
-0.3126892,0.3458565,0.8411083,-0.2741277,-0.7775736,0.4626231,0.3611942,0.2256065
-0.3122485,0.3465926,0.8388268,-0.2806144,-0.7758517,0.4667633,0.3675953,0.2122742
-0.3120301,0.349061,0.8358972,-0.2864785,-0.7738653,0.4715238,0.3726861,0.199759
-0.3130943,0.3507663,0.8330038,-0.2916159,-0.7723076,0.4756415,0.3768818,0.1877946
-0.3157983,0.3507164,0.828742,-0.3007598,-0.7710868,0.4788713,0.3806251,0.1767273
-0.3163688,0.351501,0.8265843,-0.3051503,-0.7696604,0.4820343,0.3840962,0.1665431
-0.3166996,0.3529715,0.8245542,-0.3085829,-0.7683038,0.4851472,0.3869457,0.1568911
-0.3170507,0.3539741,0.8231482,-0.3108187,-0.7643268,0.4936016,0.3908085,0.1393962
-0.3173797,0.3541042,0.8224215,-0.312256,-0.7643268,0.4936016,0.3908084,0.1393961
-0.318508,0.35412,0.8212489,-0.3141693,-0.760989,0.5002648,0.3940369,0.1239606
-0.320412,0.3542005,0.8195547,-0.3165576,-0.760419,0.5014421,0.3956085,0.1175303
-0.3228775,0.3542571,0.8175963,-0.3190435,-0.7606537,0.5013278,0.3968848,0.1120687
-0.3253061,0.3541382,0.815881,-0.3210933,-0.7612139,0.5009083,0.3976963,0.1071566
-0.3274531,0.353662,0.8146751,-0.3224937,-0.7619418,0.5005494,0.3979759,0.102521
-0.3293436,0.3529675,0.8138422,-0.3234322,-0.7626059,0.5005339,0.3978047,0.09823462
-0.3313059,0.3519872,0.8130862,-0.3243962,-0.7632759,0.5007341,0.3971727,0.09449736
-0.333376,0.3508464,0.8123499,-0.3253546,-0.763894,0.5012844,0.3960423,0.09127413
-0.3350292,0.3499757,0.8117743,-0.3260296,-0.7645533,0.5019559,0.3945296,0.08857226
-0.3368586,0.3487352,0.8112879,-0.3266836,-0.7651373,0.5028263,0.3928175,0.08617115
-0.3387282,0.34745,0.8107962,-0.3273402,-0.7654399,0.5040284,0.3911402,0.0840642
-0.3406456,0.3463224,0.8101153,-0.32823,-0.7655811,0.5053225,0.3895821,0.08222643
-0.3423117,0.3455231,0.8093395,-0.329251,-0.7652053,0.5072578,0.3881099,0.08075706
