0.985989,-0.02097193,0.1653541,0.006629092,0.9986773,-0.01213666,0.04699197,0.01697644,0.7981129,0.3282608,-0.2512538,-0.4383289,0.6440162,-0.307029,-0.6889606,0.1277099,0.7518065,0.5321205,0.2610696,0.2889248,0.7097656,-0.1477576,0.6816775,-0.09857145
0.9859691,-0.02095693,0.165476,0.006587995,0.9986728,-0.01256404,0.04696731,0.01699695,0.79799,0.328639,-0.2509817,-0.4384253,0.6439388,-0.3071162,-0.6889935,0.1277124,0.7515361,0.5324377,0.2609619,0.2891409,0.7097487,-0.1478381,0.6816624,-0.09867614
0.9859572,-0.02087784,0.1655584,0.006553859,0.9986774,-0.01264645,0.04682916,0.01704412,0.7980051,0.3286342,-0.2507948,-0.4385081,0.6438848,-0.3072414,-0.6889918,0.1276929,0.7514598,0.5324954,0.2610181,0.289182,0.7097645,-0.147801,0.681647,-0.09872518
0.9859489,-0.02083785,0.1656134,0.006537568,0.9986849,-0.01242644,0.04673704,0.01702182,0.7981201,0.3284495,-0.2507475,-0.4384645,0.6438559,-0.3074291,-0.6889563,0.1275788,0.7515481,0.5322759,0.26112,0.2892649,0.7098098,-0.1476284,0.68164,-0.09870553
0.9859379,-0.02087032,0.1656754,0.006530064,0.9986933,-0.01230358,0.04660504,0.01697852,0.7981858,0.3284246,-0.2505839,-0.438457,0.643838,-0.3076443,-0.6889021,0.1274424,0.7515532,0.5322072,0.2611462,0.2893542,0.7098102,-0.1474973,0.6816791,-0.09862909
0.9859282,-0.02079122,0.1657445,0.006493652,0.9986913,-0.01233049,0.04666128,0.01692605,0.7981605,0.3285694,-0.2505862,-0.4383933,0.6438139,-0.3078596,-0.6888408,0.1273756,0.7515788,0.5321454,0.2611055,0.2894381,0.7097906,-0.1475359,0.6817019,-0.09855487
0.9859191,-0.02064269,0.1658184,0.006462697,0.9986897,-0.01239467,0.04669803,0.01687392,0.798165,0.3286478,-0.2506343,-0.4382989,0.6437772,-0.3080076,-0.6888188,0.1273222,0.7515966,0.5321302,0.2611419,0.2893872,0.7097614,-0.1477407,0.6816996,-0.09847409
0.9859075,-0.02051746,0.1659033,0.006450205,0.9986911,-0.01249798,0.04665533,0.0168284,0.7982005,0.3286503,-0.2505691,-0.4382693,0.6437674,-0.3079016,-0.6888798,0.1272981,0.7515683,0.5321928,0.2611848,0.2893068,0.7097422,-0.1479133,0.681684,-0.09846065
0.985899,-0.02048328,0.1659595,0.006399766,0.9986919,-0.01254039,0.0466225,0.01684183,0.798296,0.3285478,-0.2505126,-0.4382046,0.6438206,-0.3077023,-0.6889404,0.1271828,0.7515739,0.5322018,0.2611687,0.2892904,0.7097579,-0.1478638,0.6816778,-0.09846534
0.9858902,-0.02038539,0.166029,0.006274337,0.9986891,-0.01265508,0.04663424,0.01688942,0.7982556,0.3286307,-0.2506253,-0.4381516,0.6438345,-0.3075381,-0.6889722,0.1273379,0.7516652,0.5320882,0.2610755,0.2893462,0.709777,-0.1477081,0.6816974,-0.09842573
0.9858752,-0.02026403,0.1661375,0.006148541,0.9986907,-0.01280242,0.04652417,0.01698287,0.7981839,0.3286715,-0.2507126,-0.4382018,0.6438183,-0.3074369,-0.6890012,0.1275065,0.7517596,0.5320225,0.2609773,0.2893105,0.7097365,-0.1475677,0.6817771,-0.09837607
0.9858671,-0.02018267,0.1661974,0.006097956,0.9986932,-0.01274747,0.0464847,0.01698966,0.798193,0.3285316,-0.2508184,-0.4382295,0.6438202,-0.3073078,-0.689039,0.127604,0.7518969,0.5318829,0.2609744,0.2892126,0.7096727,-0.1475365,0.6818548,-0.09834471
0.9858627,-0.02015621,0.1662292,0.006035565,0.9986931,-0.01228477,0.04663284,0.01692877,0.7983214,0.3281988,-0.251154,-0.4380527,0.6437049,-0.3072592,-0.6891491,0.1277075,0.7521271,0.5315448,0.2611125,0.2891113,0.7096615,-0.147585,0.6818277,-0.09854108
0.9858655,-0.02004542,0.1662282,0.005968099,0.9986916,-0.01239908,0.04665098,0.01688599,0.7983238,0.3282025,-0.251074,-0.4380915,0.6436421,-0.3072585,-0.689194,0.1277844,0.7520663,0.5316066,0.261132,0.2891381,0.7096671,-0.147579,0.6818067,-0.09865556
0.9858598,-0.01993322,0.1662731,0.006035452,0.998696,-0.01240316,0.04661889,0.01670768,0.798316,0.3282035,-0.2510122,-0.4381403,0.643566,-0.3073001,-0.6892328,0.1278585,0.7520342,0.5316464,0.2611899,0.2890963,0.7096723,-0.1475625,0.6817966,-0.09871169
0.9858661,-0.01978654,0.1662512,0.006103608,0.998701,-0.01236136,0.04658185,0.0165424,0.7983457,0.3280831,-0.2509054,-0.4382375,0.6435009,-0.3072939,-0.6892974,0.1278522,0.7520033,0.5317051,0.261285,0.2889824,0.709653,-0.1475274,0.6818172,-0.09876084
0.985868,-0.0196035,0.1662604,0.00612129,0.9987074,-0.01233911,0.0465004,0.01640619,0.7983893,0.3279617,-0.2508267,-0.4382941,0.6434705,-0.3073712,-0.6893026,0.1277918,0.7519373,0.5317887,0.2614478,0.2888533,0.7096589,-0.1475171,0.6818034,-0.09882928
0.9858719,-0.01944045,0.1662578,0.006092817,0.9987103,-0.01224859,0.04649935,0.01629825,0.7984344,0.3278692,-0.2508335,-0.4382773,0.6434271,-0.3075634,-0.689276,0.127691,0.751937,0.5318047,0.2616452,0.2886457,0.7096684,-0.1475989,0.6817796,-0.09880256
0.9858796,-0.01934705,0.166222,0.00611398,0.9987099,-0.01210033,0.04659684,0.01615639,0.798428,0.3278831,-0.2508782,-0.4382529,0.6433539,-0.3077585,-0.6892716,0.1276128,0.7519767,0.5318149,0.2617322,0.2884449,0.7096527,-0.1476789,0.6817796,-0.09879615
0.9858796,-0.01934705,0.166222,0.00611398,0.9987096,-0.01193399,0.04669221,0.01602134,0.7985032,0.3278449,-0.251003,-0.4380731,0.6433803,-0.3079963,-0.6891789,0.1274075,0.7520133,0.531838,0.2617034,0.2883324,0.7096187,-0.147784,0.6818026,-0.09872361
0.9858766,-0.01923341,0.1662508,0.006176307,0.9987097,-0.01192366,0.0467685,0.01579752,0.7983961,0.3279869,-0.2508105,-0.4382721,0.6432679,-0.3078484,-0.6893405,0.1274577,0.7520231,0.5319073,0.2615878,0.2882844,0.7096068,-0.1478483,0.6818102,-0.09866041
0.9858604,-0.0191767,0.1663558,0.006116341,0.9987112,-0.01188787,0.04677803,0.01569849,0.798381,0.3280652,-0.2507487,-0.4382765,0.6432415,-0.3078566,-0.6893778,0.1273685,0.7520595,0.5319396,0.2614394,0.2882641,0.7096204,-0.1479269,0.6818031,-0.09849495
0.9858438,-0.0190546,0.16647,0.00605167,0.9987124,-0.01189995,0.04677828,0.01561216,0.7983434,0.3281595,-0.2507574,-0.4382692,0.6432045,-0.3079304,-0.689396,0.1272797,0.7521331,0.5319242,0.2612807,0.2882444,0.7096133,-0.1479336,0.6818364,-0.09830406
0.9858326,-0.01889001,0.1665572,0.006008444,0.9987153,-0.01193707,0.04674218,0.01550938,0.7983111,0.3282295,-0.2507617,-0.4382732,0.6431783,-0.3080521,-0.6893775,0.127217,0.7522137,0.5318704,0.2612081,0.2881992,0.7096132,-0.1479058,0.6818726,-0.09809561
0.9858317,-0.01880018,0.1665751,0.005923192,0.9987134,-0.01192964,0.04679071,0.01549064,0.7982628,0.328261,-0.2507637,-0.4383365,0.6431283,-0.3081789,-0.6893759,0.1271722,0.7522616,0.5318447,0.2611821,0.2881451,0.7096067,-0.1478402,0.6819012,-0.09804402
0.9858317,-0.01880018,0.1665751,0.005923192,0.9987134,-0.01184293,0.04684294,0.01539376,0.7982488,0.3282621,-0.2507249,-0.4383834,0.6431096,-0.3080138,-0.6894516,0.1272567,0.7522237,0.5319115,0.2612789,0.288033,0.7095994,-0.1478427,0.6818897,-0.09817292
0.9858361,-0.01871091,0.1665619,0.005836833,0.9987108,-0.01186037,0.04690666,0.01535857,0.7982866,0.3282099,-0.2506527,-0.4383948,0.6428457,-0.3082204,-0.6895878,0.1273514,0.7521699,0.5319626,0.2614533,0.287921,0.7096018,-0.1478841,0.6818599,-0.09829899
0.9858432,-0.01868569,0.1665255,0.005777203,0.9987087,-0.01183286,0.04698319,0.01528202,0.7983771,0.3281343,-0.250569,-0.4383345,0.6427681,-0.3082203,-0.6896554,0.1273769,0.7520927,0.5320221,0.2616112,0.2878694,0.709578,-0.1479623,0.6818509,-0.09841523
0.9858548,-0.01865239,0.1664612,0.005755667,0.9987047,-0.01185511,0.04710137,0.01515969,0.798449,0.3280983,-0.2504797,-0.4382814,0.6426991,-0.3082962,-0.6896855,0.1273784,0.7520323,0.5320613,0.2617061,0.287868,0.7095707,-0.1480081,0.6818366,-0.0984985
0.9858666,-0.01858339,0.1664005,0.005714579,0.9987052,-0.01190285,0.04710521,0.01508006,0.7985064,0.3280155,-0.2503353,-0.4383214,0.6426515,-0.3083835,-0.6896799,0.1274375,0.7519641,0.532114,0.2618393,0.2878279,0.7096063,-0.1480149,0.6817923,-0.09853773
0.9858753,-0.01854291,0.1663546,0.005672918,0.9987031,-0.01169649,0.04722972,0.01499288,0.7985727,0.3278473,-0.2504317,-0.4382714,0.6426252,-0.3084725,-0.6896523,0.1275045,0.7520851,0.5319084,0.2619166,0.2878214,0.7096474,-0.147959,0.6817599,-0.09855022
0.9858834,-0.01849304,0.1663149,0.005604006,0.9986978,-0.01158283,0.04738992,0.01493338,0.7985898,0.3277775,-0.2505516,-0.4382239,0.642631,-0.3085945,-0.6895788,0.1275771,0.7521632,0.5317618,0.2619296,0.2878762,0.7096726,-0.1479094,0.6817382,-0.09859444
0.9858944,-0.01844158,0.1662574,0.005537606,0.9986826,-0.01141482,0.04777243,0.0148577,0.7985549,0.3278137,-0.2507953,-0.438121,0.6425796,-0.3086872,-0.6895823,0.1275924,0.7523457,0.5315053,0.2618155,0.2879766,0.7096726,-0.1479341,0.68174,-0.09854377
0.9859096,-0.01844895,0.1661681,0.005471773,0.9986745,-0.0113092,0.04798276,0.01480047,0.7985607,0.3278357,-0.2508187,-0.4380805,0.6425505,-0.308762,-0.6895744,0.1276011,0.7523785,0.5314279,0.2618575,0.287996,0.7097338,-0.1480339,0.6816645,-0.09847574
0.9859121,-0.01846583,0.1661519,0.005463146,0.9986748,-0.01166356,0.04790669,0.01475908,0.7984754,0.3280776,-0.250429,-0.4382778,0.6425257,-0.3087603,-0.6895905,0.1276434,0.7521346,0.5317425,0.2617779,0.2881249,0.7098572,-0.1480811,0.681544,-0.09834941
0.9859042,-0.01848147,0.1661947,0.005545838,0.998686,-0.01152609,0.04772972,0.01467271,0.7985105,0.3279387,-0.250321,-0.4383796,0.6425412,-0.3086922,-0.6895902,0.1277321,0.7521315,0.5317509,0.2618532,0.2880489,0.7099954,-0.1480627,0.6814255,-0.09820097
0.9859039,-0.0184839,0.1661925,0.005654363,0.9986694,-0.01096833,0.04827359,0.0144532,0.7985145,0.3279043,-0.2509046,-0.4380642,0.6425542,-0.3086874,-0.6895698,0.127788,0.7525335,0.5311878,0.2617036,0.2881737,0.7101163,-0.1480339,0.6813254,-0.09806362
0.9859,-0.01841869,0.1662208,0.005718689,0.9986612,-0.01104261,0.04847816,0.01427031,0.7984755,0.3280816,-0.2509384,-0.4379832,0.6425689,-0.3087522,-0.6895319,0.1277626,0.7525467,0.531171,0.2615841,0.2882784,0.7101802,-0.148112,0.6812601,-0.09793775
0.9858955,-0.01834657,0.1662538,0.005766028,0.9986579,-0.01123258,0.04854782,0.01411893,0.7984515,0.3282536,-0.250783,-0.4379871,0.6425589,-0.3088823,-0.6894909,0.1277194,0.7524345,0.531304,0.2614739,0.2884265,0.7102152,-0.1481379,0.6812238,-0.09789576
0.9858968,-0.01828047,0.1662516,0.005804929,0.9986615,-0.01084597,0.04859605,0.01400289,0.7985957,0.3279654,-0.2508966,-0.4378751,0.6425701,-0.3090051,-0.6894336,0.1276753,0.7525509,0.531063,0.2616709,0.2883878,0.7103017,-0.1481199,0.6811403,-0.09787745
0.9858996,-0.01825322,0.1662365,0.005856346,0.9986691,-0.01040074,0.048565,0.01389923,0.7987207,0.3276952,-0.2509945,-0.4377931,0.6425566,-0.3092713,-0.6893219,0.1277013,0.752643,0.5308813,0.2619094,0.2882658,0.7103244,-0.1480665,0.6811172,-0.09795383
0.9858925,-0.01825149,0.1662759,0.005926896,0.998678,-0.01002011,0.04849869,0.01378026,0.798743,0.3277573,-0.2510348,-0.437683,0.6423945,-0.3096859,-0.689262,0.1278352,0.7527021,0.5307417,0.2621711,0.2881304,0.7103798,-0.1480836,0.681054,-0.09796678
0.9858817,-0.0181047,0.1663554,0.00595877,0.9986778,-0.009833859,0.0485687,0.01368012,0.798799,0.3276101,-0.2513163,-0.4375293,0.6425372,-0.309932,-0.6890247,0.1278004,0.7527738,0.5305947,0.2623736,0.2880297,0.7104819,-0.1482879,0.6809069,-0.09793845
0.9858567,-0.01781206,0.1665358,0.005932065,0.9986812,-0.009881896,0.04849386,0.01365873,0.7988314,0.3275368,-0.2514075,-0.4374726,0.6425669,-0.3099444,-0.6889871,0.1278245,0.7527711,0.5305659,0.2625715,0.2879093,0.7105755,-0.1485748,0.680744,-0.09795734
0.9858245,-0.01751814,0.1667598,0.005865665,0.9986888,-0.009960949,0.04830275,0.0137307,0.7989607,0.3273175,-0.251324,-0.4374486,0.6425723,-0.3097259,-0.6890926,0.1277579,0.7527729,0.5305534,0.2627266,0.287786,0.7106425,-0.1488146,0.6806188,-0.09797717
0.9858002,-0.01731211,0.1669285,0.005753246,0.9986944,-0.00991579,0.0481573,0.01386465,0.7989985,0.327201,-0.2515085,-0.4373606,0.6425993,-0.30957,-0.6891066,0.1279241,0.7528909,0.5304047,0.2627642,0.287717,0.7106528,-0.1488038,0.68061,-0.09798048
0.9857858,-0.01720422,0.167027,0.005690971,0.9986963,-0.009777988,0.04810861,0.013988,0.7990112,0.3270207,-0.2517187,-0.4373514,0.6426944,-0.3093627,-0.6890824,0.1280779,0.7531112,0.530163,0.2626485,0.2876918,0.7106214,-0.1486371,0.6806911,-0.09789822
0.9857763,-0.01714331,0.1670908,0.005655675,0.9986963,-0.009583853,0.04812254,0.01407769,0.7989498,0.3270927,-0.2519757,-0.4372619,0.6426378,-0.3094134,-0.6890646,0.1283357,0.7533197,0.5299357,0.2625114,0.2876895,0.7105567,-0.148458,0.680806,-0.09784048
0.9857769,-0.0171613,0.1670859,0.005632849,0.9986877,-0.008882568,0.04839876,0.01419305,0.7990395,0.3267198,-0.2525274,-0.4370583,0.6426947,-0.309444,-0.6889899,0.1283781,0.7537171,0.5294569,0.2625022,0.2875387,0.7104925,-0.1485917,0.6808708,-0.09765184
0.9857709,-0.01717898,0.1671177,0.005685342,0.9986978,-0.008537125,0.048265,0.01415609,0.7992191,0.3264012,-0.2525564,-0.4369512,0.6430005,-0.3095779,-0.6886044,0.1285921,0.7534685,0.5296748,0.2629566,0.2873739,0.7105621,-0.1489508,0.6806711,-0.0979904
0.9857749,-0.01708167,0.167102,0.005754753,0.9986994,-0.008491149,0.04826368,0.01406975,0.7992948,0.3263532,-0.2525499,-0.4368524,0.64329,-0.3093798,-0.6883407,0.1290325,0.7533561,0.5297508,0.2631734,0.2873299,0.7106502,-0.1491446,0.6805243,-0.09807599
0.9857897,-0.01698594,0.1670223,0.005800126,0.9987018,-0.008279069,0.04826458,0.01402976,0.7994036,0.3262368,-0.2526542,-0.4366799,0.643997,-0.3083883,-0.6879569,0.129923,0.753392,0.5296408,0.2633563,0.2872709,0.7107595,-0.1492652,0.680369,-0.09817893
0.9858025,-0.01700309,0.1669452,0.005802012,0.9987097,-0.007977734,0.04814998,0.01403134,0.7995214,0.3261424,-0.2527005,-0.4365078,0.6449454,-0.3070267,-0.687434,0.1312043,0.7534621,0.5294943,0.2634297,0.2872899,0.7108325,-0.1493998,0.6802374,-0.09835693
0.9858103,-0.01711574,0.1668864,0.005831084,0.9987187,-0.007694377,0.04800867,0.01403201,0.799578,0.3262604,-0.2527724,-0.4362744,0.6460648,-0.3056475,-0.6867008,0.1327479,0.7536255,0.5293533,0.2631094,0.2874148,0.7107283,-0.1494179,0.6802562,-0.09894974
0.9858161,-0.01724762,0.1668358,0.005912234,0.9987282,-0.007337734,0.0478696,0.0140283,0.7996895,0.3261687,-0.2528457,-0.4360958,0.6472344,-0.3057566,-0.6853313,0.1338716,0.7539133,0.5292332,0.2625336,0.2874078,0.7103675,-0.1494633,0.6803942,-0.1005122
0.9858239,-0.01735917,0.1667746,0.006009264,0.9987361,-0.007066465,0.04773811,0.01404518,0.7996711,0.3259654,-0.2529154,-0.4362415,0.6481521,-0.3079478,-0.6835255,0.1336414,0.7544926,0.5289681,0.26135,0.2874541,0.7097346,-0.1490059,0.6808048,-0.1028535
0.9858258,-0.01749118,0.1667482,0.006063745,0.9987464,-0.006925739,0.04751626,0.01414146,0.7993487,0.3259153,-0.2528917,-0.4368831,0.6490901,-0.3103488,-0.6814882,0.1339387,0.7553115,0.5286004,0.2596262,0.2875421,0.708708,-0.1481661,0.6815757,-0.1059923
0.9858238,-0.01756303,0.1667515,0.006073972,0.9987598,-0.006809194,0.04719336,0.01432954,0.7991514,0.3256402,-0.2527426,-0.4375348,0.6501253,-0.3124996,-0.6794057,0.1344953,0.7561533,0.5281997,0.2574822,0.2879932,0.7071448,-0.1463178,0.6827905,-0.1110607
0.9858194,-0.01761753,0.1667724,0.006063146,0.9987779,-0.006597562,0.046758,0.01459081,0.7995,0.324728,-0.2521971,-0.4378906,0.6512477,-0.3144126,-0.6774632,0.1344055,0.7569762,0.5279158,0.2548161,0.2887225,0.704352,-0.1432134,0.6849056,-0.1195092
0.9858193,-0.01766844,0.1667673,0.006075115,0.99879,-0.006448669,0.04643497,0.01486227,0.8001061,0.3235648,-0.251326,-0.4381453,0.6523837,-0.3159973,-0.6757628,0.1337385,0.7576666,0.5280984,0.2518307,0.2891968,0.6995547,-0.1388133,0.6883276,-0.1325116
0.9858178,-0.01772014,0.1667711,0.006051898,0.9987941,-0.006352494,0.04623436,0.01524737,0.8007032,0.3224111,-0.250483,-0.4383877,0.6534003,-0.3174404,-0.6742929,0.1327741,0.7587636,0.528118,0.2481635,0.2894546,0.6921038,-0.1338077,0.6934895,-0.148863
0.9858178,-0.01772014,0.1667711,0.006051898,0.9987878,-0.006394695,0.04623246,0.01564438,0.8011979,0.3215669,-0.2497989,-0.4384942,0.6542246,-0.3186767,-0.6730689,0.1319608,0.760961,0.5270825,0.2430727,0.2898934,0.6820744,-0.1294328,0.7006283,-0.164747
0.9858224,-0.01781826,0.1667342,0.006039892,0.9987737,-0.006449816,0.04637719,0.01608175,0.8014808,0.3213114,-0.2493345,-0.4384288,0.6547534,-0.3197541,-0.6721137,0.1316001,0.7646577,0.5240868,0.2370091,0.2906173,0.6705853,-0.1279404,0.7094668,-0.1749389
0.9858287,-0.01790247,0.166687,0.006069898,0.9987655,-0.00646494,0.04643117,0.01642633,0.8015991,0.3215194,-0.2489495,-0.4382787,0.6547619,-0.3209114,-0.6715742,0.131495,0.7693009,0.5193719,0.2308208,0.2918062,0.6583543,-0.1299427,0.7195679,-0.1786242
0.9858362,-0.01795997,0.1666358,0.006069671,0.9987733,-0.006443079,0.04615605,0.01673505,0.8017588,0.3217731,-0.2483021,-0.4381679,0.6545339,-0.3215609,-0.6714736,0.1315569,0.7743941,0.5134719,0.2250717,0.293263,0.6452494,-0.1337671,0.7305695,-0.1789634
0.9858372,-0.01787838,0.1666391,0.006068145,0.9987956,-0.006550571,0.04557083,0.01696962,0.8020672,0.3218843,-0.2472803,-0.4380996,0.6542974,-0.3216946,-0.6716532,0.1314908,0.779292,0.5073175,0.2205923,0.294401,0.6309693,-0.1388488,0.7419384,-0.1792382
0.9858499,-0.01779339,0.1665764,0.005986546,0.998822,-0.006546873,0.04488025,0.01725133,0.8025426,0.3217163,-0.2460573,-0.4380409,0.6541534,-0.3217591,-0.6718872,0.1308509,0.7840359,0.5007312,0.2174497,0.295418,0.6154659,-0.1450803,0.7536411,-0.1793839
0.9858499,-0.01779339,0.1665764,0.005986546,0.9988477,-0.006428453,0.04426179,0.01740087,0.8029683,0.3216533,-0.2449867,-0.4379071,0.6540926,-0.3221332,-0.6719883,0.129711,0.7885312,0.4938089,0.2153012,0.296676,0.5986684,-0.1523482,0.7656757,-0.17924
0.9859179,-0.01757751,0.1661969,0.005969892,0.9988582,-0.006444275,0.04398846,0.01748882,0.8033264,0.3216105,-0.2440349,-0.4378132,0.6540502,-0.3226758,-0.6720476,0.1282602,0.7925599,0.4869235,0.2151549,0.2974266,0.5811304,-0.1609305,0.7773745,-0.1791027
0.98597,-0.01753812,0.1658926,0.005944132,0.9988769,-0.006801777,0.04345327,0.01762406,0.8034152,0.3220294,-0.2429738,-0.4379326,0.6540516,-0.3234136,-0.6719406,0.1269484,0.7961637,0.4799781,0.2168481,0.2978612,0.5634577,-0.1697589,0.7884843,-0.1788571
0.9860284,-0.01760712,0.1655384,0.005926295,0.9989048,-0.007016793,0.04266622,0.017878,0.8032891,0.322516,-0.2421321,-0.4382716,0.6539969,-0.3244453,-0.6717258,0.1257289,0.7997435,0.4723158,0.2205834,0.2977767,0.5457509,-0.178608,0.798877,-0.1790271
0.9861036,-0.01778821,0.1650703,0.00592393,0.9989039,-0.006398207,0.0426878,0.01810362,0.8029375,0.3231179,-0.2424865,-0.4382768,0.6539558,-0.3252745,-0.6715002,0.1250037,0.8038601,0.4629885,0.2253242,0.2977911,0.527995,-0.1881061,0.8087799,-0.1780801
0.9861829,-0.01787595,0.164587,0.005903482,0.9989033,-0.006039765,0.04265426,0.01833772,0.8024912,0.3237619,-0.2428683,-0.4384075,0.6540377,-0.3257424,-0.6712902,0.1244834,0.8084258,0.4521667,0.2305792,0.2980374,0.5106699,-0.1974863,0.8183882,-0.1745167
0.9862574,-0.01793228,0.1641348,0.005877945,0.9989113,-0.006144031,0.04238929,0.01848683,0.8020174,0.3244847,-0.2429736,-0.4386818,0.6542003,-0.3257899,-0.6711728,0.1241367,0.813276,0.4398966,0.2364042,0.2986407,0.4940418,-0.2063261,0.82762,-0.1685158
0.9863253,-0.01799415,0.1637209,0.005831914,0.9989325,-0.005813214,0.04185908,0.01865615,0.8017529,0.3246069,-0.2432336,-0.4389306,0.6543938,-0.3255167,-0.6711583,0.1239123,0.8183545,0.4259466,0.2434698,0.2993124,0.4783616,-0.2139544,0.8360838,-0.1623502
0.9863954,-0.01804436,0.163296,0.005752912,0.9989537,-0.005100681,0.04136947,0.01881868,0.801617,0.324363,-0.2438347,-0.4390257,0.6545364,-0.3250716,-0.6712452,0.123857,0.8237862,0.4102076,0.2511685,0.3000343,0.4634345,-0.2209839,0.8438966,-0.1556701
0.9864628,-0.01808841,0.1628854,0.005685316,0.9989724,-0.004380534,0.04094702,0.0189291,0.801464,0.3241179,-0.2445592,-0.439083,0.6545681,-0.3245313,-0.671448,0.124007,0.8292566,0.3931719,0.2587774,0.301303,0.4494478,-0.2277566,0.8514092,-0.1456914
0.9865066,-0.01805782,0.1626235,0.005663707,0.9989792,-0.004069124,0.04084251,0.01886719,0.8011505,0.3243485,-0.245518,-0.4389497,0.6545068,-0.3240385,-0.6716852,0.1243338,0.8344537,0.375438,0.2662989,0.3030151,0.43657,-0.234278,0.8580611,-0.1350981
0.986526,-0.0179813,0.1625149,0.005664437,0.9989897,-0.003930296,0.04061935,0.01882205,0.8008069,0.3246337,-0.2464774,-0.4388282,0.6543606,-0.3235258,-0.6719761,0.1248653,0.8391059,0.3575639,0.2745718,0.3044007,0.425051,-0.2407248,0.8634081,-0.1261334
0.986526,-0.0179813,0.1625149,0.005664437,0.9989992,-0.003761455,0.04040381,0.01881538,0.8000399,0.325331,-0.2485292,-0.4385534,0.6543937,-0.3236143,-0.6716419,0.1262534,0.8432291,0.3394602,0.2828433,0.3061554,0.4146272,-0.2469774,0.8680416,-0.1165764
0.9864995,-0.01777274,0.1626967,0.005717149,0.9990115,-0.003564533,0.04018045,0.01868275,0.8001738,0.3250245,-0.2487101,-0.438434,0.6540646,-0.3222913,-0.6726012,0.1262363,0.8471417,0.320666,0.290289,0.3086364,0.405033,-0.2525772,0.8725222,-0.1042032
0.9864537,-0.01767348,0.1629867,0.005669478,0.9990334,-0.002590973,0.03973434,0.01862196,0.7999119,0.3249195,-0.2509789,-0.4376963,0.6540003,-0.3222969,-0.6724071,0.1275822,0.850372,0.3027467,0.2985776,0.3099409,0.3733176,-0.2656893,0.8839647,-0.09300402
0.9863888,-0.01760077,0.163389,0.005604344,0.999046,-0.001973795,0.03948211,0.01856038,0.7999239,0.324742,-0.2521292,-0.4371445,0.6538611,-0.3215643,-0.6727741,0.128208,0.8529618,0.285893,0.3062872,0.311303,0.3656938,-0.2724083,0.8865442,-0.07810963
0.9862073,-0.01728397,0.1645154,0.005579348,0.9990938,-0.001507912,0.03836865,0.01836452,0.8001724,0.3241797,-0.2528902,-0.4366671,0.6535432,-0.3200357,-0.6736442,0.1290819,0.8560273,0.2536665,0.3214531,0.3154972,0.3731399,-0.2778444,0.8835817,-0.05340868
0.9860954,-0.01711149,0.1652019,0.005613418,0.9991237,-0.0007517968,0.03774248,0.01807759,0.8006498,0.3233514,-0.2533466,-0.4361414,0.6533911,-0.3197271,-0.6739118,0.1292194,0.8567624,0.2384158,0.3298649,0.3167101,0.3676584,-0.2840614,0.88453,-0.04174956
0.9859741,-0.01696641,0.1659394,0.00560541,0.9991443,-0.0002261585,0.03734546,0.01777798,0.8011414,0.3226867,-0.2535273,-0.4356256,0.6532511,-0.3195255,-0.674156,0.1291519,0.857357,0.2239019,0.337683,0.3174542,0.3626929,-0.2906801,0.8848725,-0.03097585
0.985845,-0.01680573,0.1667192,0.005652523,0.9991592,0.0004105187,0.03709278,0.01746179,0.8015836,0.3220519,-0.2537411,-0.4351572,0.6530845,-0.3194421,-0.6743633,0.1291186,0.8577806,0.2101103,0.3449285,0.3179474,0.3582713,-0.2975963,0.8846867,-0.02018937
0.9857213,-0.01666111,0.1674616,0.005697506,0.9991691,0.001272089,0.03694142,0.01717343,0.8019515,0.3214726,-0.2540562,-0.4347237,0.6529047,-0.31959,-0.6744348,0.1292886,0.8579737,0.1972062,0.3516749,0.3183013,0.3544924,-0.3047486,0.8839663,-0.008196024
0.9855959,-0.01654357,0.1682066,0.005783189,0.9991729,0.002018342,0.03696423,0.01682629,0.802187,0.3212548,-0.2542934,-0.4343113,0.6526784,-0.3199538,-0.6744356,0.1295262,0.8579329,0.1851141,0.3575134,0.319168,0.3516341,-0.3119637,0.8826069,0.006084257
0.9854667,-0.01643108,0.1689708,0.005871539,0.9991685,0.00284418,0.03720678,0.01642936,0.8024006,0.3211395,-0.2546184,-0.4338113,0.6524927,-0.3204748,-0.6743343,0.1297014,0.8578513,0.1727867,0.3623815,0.3208046,0.3502852,-0.3188425,0.8804256,0.0221469
0.9853325,-0.01629621,0.1697632,0.005916734,0.9991658,0.003798214,0.03734433,0.01608196,0.8026559,0.3208207,-0.2548393,-0.4334448,0.6523678,-0.3210717,-0.6741471,0.129827,0.857531,0.1605148,0.3670445,0.322729,0.3506404,-0.3255971,0.8772733,0.03781039
0.9851899,-0.01608459,0.170609,0.005908576,0.9991626,0.004721902,0.03744898,0.01579137,0.8029649,0.3203335,-0.2548658,-0.4332173,0.6522653,-0.3216691,-0.6739793,0.1297335,0.8568924,0.1496344,0.3720498,0.3239195,0.35199,-0.3332129,0.8732668,0.04977239
0.9850376,-0.01586435,0.1715051,0.005930957,0.9991564,0.005811987,0.0376054,0.01544332,0.8034299,0.3196099,-0.2548143,-0.4329198,0.6521787,-0.3222508,-0.6738576,0.1293574,0.855912,0.140806,0.3775192,0.3241411,0.3538473,-0.3415432,0.8688341,0.05716353
0.984884,-0.01564236,0.1724034,0.005987403,0.9991463,0.006805393,0.0378589,0.01506626,0.8039227,0.3189043,-0.2545712,-0.4326685,0.6521159,-0.3227294,-0.6737936,0.1288127,0.8547853,0.1334396,0.3827096,0.324144,0.3562501,-0.3502638,0.8640032,0.06244707
0.9847205,-0.01538263,0.1733546,0.006081037,0.9991356,0.007730886,0.03813151,0.01463739,0.8044235,0.3182349,-0.254268,-0.4324086,0.6520525,-0.3231867,-0.6737468,0.128231,0.8535627,0.1268199,0.3875594,0.3242608,0.3594412,-0.3594138,0.8585238,0.06753331
0.9845392,-0.01509542,0.1744047,0.006135002,0.9991176,0.008543211,0.03860091,0.01417892,0.8048078,0.3178301,-0.2540512,-0.4321185,0.6519382,-0.3236104,-0.6737513,0.127719,0.8523991,0.1206672,0.3921975,0.324093,0.3636824,-0.3694546,0.8520607,0.07232552
0.9843489,-0.01476686,0.1755013,0.006209112,0.9990978,0.009331506,0.0391037,0.01369398,0.8051396,0.3175495,-0.2538836,-0.4318052,0.6517932,-0.3241396,-0.673721,0.1272763,0.8510531,0.1148082,0.3965698,0.3244382,0.3691058,-0.3796136,0.8448001,0.07724852
0.9841415,-0.01442816,0.1766874,0.006251114,0.9990845,0.01000582,0.03942235,0.01326707,0.8054558,0.3173064,-0.2535293,-0.4316023,0.6516048,-0.3246194,-0.6737451,0.1268895,0.8516229,0.1131768,0.3959183,0.3243118,0.3696228,-0.3896045,0.8395146,0.08247828
0.9839213,-0.01407992,0.1779364,0.00627448,0.9990811,0.01063523,0.03946376,0.01290613,0.805797,0.3169904,-0.2529715,-0.4315249,0.6513627,-0.3250881,-0.6738212,0.1265286,0.8478435,0.1015512,0.4029438,0.3293709,0.3838752,-0.3977101,0.8285682,0.0891142
0.9836802,-0.01369478,0.1792931,0.006291003,0.9990819,0.01129176,0.03939544,0.012491,0.8061513,0.3166746,-0.2524264,-0.4314144,0.6510906,-0.3254937,-0.6739482,0.1262096,0.8461334,0.09503452,0.4058725,0.3321059,0.3917164,-0.4073234,0.8195847,0.09448261
0.9834201,-0.01326665,0.1807461,0.006304105,0.9990893,0.0120006,0.03913075,0.01205497,0.806481,0.3163907,-0.2519239,-0.4312999,0.6507801,-0.3258678,-0.6741015,0.126026,0.8465556,0.09344261,0.4055359,0.3318926,0.3934167,-0.4186698,0.8125294,0.09866571
0.9831443,-0.01279844,0.1822744,0.006298796,0.9990983,0.01277606,0.03877585,0.01165397,0.8067589,0.3161727,-0.2516621,-0.4310929,0.6505003,-0.3262528,-0.674195,0.1259745,0.8436511,0.08624987,0.4119967,0.3332756,0.4038389,-0.42987,0.8011698,0.1012567
0.9828618,-0.01227563,0.1838284,0.006263159,0.9991019,0.01366457,0.03845773,0.01138185,0.8069317,0.3160206,-0.2517941,-0.4308038,0.6502518,-0.3266821,-0.6742025,0.1261047,0.8432146,0.08240683,0.41426,0.3325462,0.4092961,-0.4417219,0.7915644,0.1038476
0.9828618,-0.01227563,0.1838284,0.006263159,0.9990106,0.01520186,0.04026219,0.0112172,0.8069636,0.3161536,-0.2525462,-0.4302058,0.6500525,-0.3270248,-0.6741894,0.1263144,0.8439381,0.080298,0.4136302,0.33201,0.4132478,-0.4528051,0.7830837,0.1047555
0.9822807,-0.01105818,0.1869846,0.006255367,0.9990613,0.01555194,0.03895504,0.01082705,0.8070644,0.3162458,-0.253363,-0.4294682,0.6498569,-0.3272644,-0.674233,0.1264669,0.8447002,0.07812863,0.4129575,0.3314268,0.4179749,-0.4641387,0.7738976,0.104665
0.9819969,-0.01054793,0.1885003,0.006210297,0.999055,0.01643095,0.03878796,0.01071285,0.8073077,0.3160785,-0.2536244,-0.4289795,0.6495896,-0.3274355,-0.6743945,0.126536,0.8407312,0.0652329,0.4207688,0.334469,0.4364331,-0.4743502,0.757176,0.1058429
0.9817178,-0.009986063,0.18998,0.006159604,0.9990408,0.01725097,0.0388208,0.01062749,0.8075978,0.3157845,-0.2538269,-0.42853,0.6493087,-0.3274451,-0.6746811,0.1264257,0.8397043,0.06076795,0.4241473,0.3336211,0.4448758,-0.48793,0.7431502,0.1083408
0.9814453,-0.009343564,0.1914171,0.006126219,0.9990001,0.01854358,0.03931188,0.01046945,0.8079974,0.3151836,-0.2544611,-0.4278425,0.6490369,-0.327409,-0.6750045,0.126188,0.8393901,0.05598462,0.4266212,0.3320909,0.4522714,-0.5023206,0.7282301,0.1131615
0.9811677,-0.008669794,0.1928655,0.006156116,0.9989638,0.01992759,0.03963644,0.0101584,0.8084826,0.3144919,-0.2549632,-0.4271352,0.6487095,-0.3275289,-0.6753083,0.1259342,0.8391975,0.05049953,0.4276748,0.3321021,0.4607469,-0.5151253,0.7129815,0.118388
0.9811677,-0.008669794,0.1928655,0.006156116,0.9988598,0.02154742,0.04142961,0.009912392,0.8087962,0.3143454,-0.2551613,-0.4265308,0.6479477,-0.3264029,-0.6766986,0.1253146,0.8386622,0.04389679,0.4270535,0.3351777,0.4714514,-0.5251597,0.6976191,0.1235663
0.9806123,-0.007172417,0.195728,0.006219,0.9989016,0.02199173,0.04032033,0.009286724,0.8091303,0.3140666,-0.2554623,-0.4259219,0.647774,-0.3283846,-0.6757787,0.1259978,0.8377813,0.03769125,0.4273169,0.3377903,0.4826756,-0.5353851,0.6813084,0.1273025
0.980323,-0.006511599,0.1971975,0.006125768,0.9987214,0.02595921,0.04247584,0.00880859,0.8096973,0.3132414,-0.256463,-0.4248492,0.6464552,-0.3275812,-0.6774505,0.1258856,0.8375527,0.03005187,0.4291064,0.3368532,0.492571,-0.5483064,0.6631743,0.1301299
0.9800331,-0.005830651,0.1986574,0.00604022,0.9988016,0.02525813,0.04099749,0.008756127,0.8098065,0.313547,-0.2542664,-0.425735,0.6460189,-0.3281126,-0.6775749,0.1260714,0.8364271,0.02839776,0.4317382,0.3364303,0.5014098,-0.562945,0.6433302,0.1334451
0.9797348,-0.005027267,0.2001481,0.005935302,0.9986211,0.02882471,0.04305046,0.008469193,0.81002,0.3127692,-0.2570088,-0.4242518,0.6455797,-0.328678,-0.6776887,0.1262371,0.8365673,0.0206903,0.4325423,0.3356102,0.5108246,-0.5765036,0.6225858,0.1381621
0.9794412,-0.004117628,0.2016044,0.005797732,0.9985659,0.03038302,0.04329237,0.008289284,0.8102559,0.3124487,-0.2572874,-0.4238682,0.6451211,-0.3292637,-0.6778178,0.1263616,0.8358179,0.01437635,0.4330002,0.3372131,0.5209422,-0.5889218,0.6008238,0.1442263
0.9791556,-0.003198816,0.2030073,0.00566726,0.9985119,0.03208806,0.04332588,0.008205661,0.8105942,0.3119164,-0.2574187,-0.4235337,0.6455253,-0.3317414,-0.6762528,0.1262024,0.8329845,0.00420834,0.4369501,0.339402,0.5394522,-0.6174828,0.5504844,0.1570772
0.9785965,-0.001259777,0.2057129,0.005436735,0.9985535,0.03267974,0.04192993,0.008052388,0.8109898,0.3113422,-0.2574295,-0.4231924,0.645182,-0.332305,-0.6764033,0.1256665,0.8309895,-0.00248774,0.4407319,0.3394198,0.5483122,-0.6326724,0.5224504,0.1616325
0.9783132,-0.0002363258,0.2070609,0.005388374,0.9984947,0.03433741,0.04203633,0.007887257,0.8113843,0.3108332,-0.2577076,-0.4226405,0.6448862,-0.3328675,-0.6765088,0.1251268,0.8287584,-0.008349838,0.445886,0.3380466,0.5545146,-0.6497393,0.4930007,0.1652352
0.9780356,0.0007068308,0.2083668,0.005408438,0.9984343,0.03591229,0.0421951,0.007672454,0.8116413,0.3105947,-0.2580617,-0.4221062,0.6445879,-0.3334633,-0.6765863,0.1246583,0.8269341,-0.01218055,0.4522034,0.3339815,0.5579002,-0.6685098,0.4629438,0.1659068
0.9777505,0.001607265,0.2096947,0.00543525,0.9983687,0.03745644,0.04245107,0.007414508,0.8118061,0.3105628,-0.2586567,-0.4214479,0.6442857,-0.3341185,-0.6766113,0.1243297,0.8253987,-0.01499457,0.4590136,0.3283271,0.56321,-0.6850777,0.4334682,0.1599011
0.9774632,0.002489722,0.2110221,0.005418111,0.9982926,0.03875135,0.0431178,0.007153112,0.8117672,0.3110445,-0.2595622,-0.42061,0.6439709,-0.3348591,-0.6765751,0.124166,0.8240245,-0.01902258,0.464762,0.3234472,0.5734644,-0.6968797,0.4041237,0.1489344
0.9771886,0.003302091,0.2122796,0.005373387,0.9982216,0.03973899,0.04387966,0.006998022,0.8116475,0.3117113,-0.2603889,-0.4198358,0.6436978,-0.3356222,-0.6764816,0.1240311,0.8224325,-0.02530012,0.468927,0.3210485,0.5884374,-0.7036968,0.3739736,0.1367331
0.9769271,0.00400972,0.2134701,0.005290186,0.9981439,0.04082339,0.04466634,0.006878585,0.811659,0.3120613,-0.2611254,-0.4190954,0.6434914,-0.3362584,-0.676412,0.1237582,0.8203796,-0.03416607,0.4715331,0.3216622,0.6057259,-0.7066468,0.3430241,0.1268102
0.9766962,0.004618846,0.2145155,0.005145214,0.9980663,0.04185317,0.04546125,0.00673637,0.811844,0.3120653,-0.2615508,-0.4184681,0.6433973,-0.3365493,-0.6764212,0.1234051,0.818471,-0.04208389,0.4745868,0.3210942,0.6169496,-0.7134288,0.3090819,0.1219057
0.9764659,0.005217954,0.21555,0.005015644,0.9979991,0.04268863,0.04619403,0.006461727,0.8121724,0.3118527,-0.2617607,-0.4178581,0.6433091,-0.3366395,-0.676544,0.1229455,0.8173315,-0.04812659,0.4773179,0.3190936,0.6231497,-0.7222213,0.2750256,0.1201748
0.9764659,0.005217954,0.21555,0.005015644,0.9978697,0.04382326,0.0479525,0.006025963,0.8125905,0.3116611,-0.261811,-0.417156,0.6432155,-0.336647,-0.6767064,0.1225191,0.8167685,-0.05215975,0.4791199,0.3171953,0.6278837,-0.7298498,0.2432139,0.1180186
0.9759871,0.00647508,0.2176752,0.004985616,0.9979058,0.04351741,0.04755996,0.005324266,0.8129937,0.3114762,-0.2618683,-0.4164719,0.6430823,-0.3366199,-0.6768909,0.122274,0.8164883,-0.05578211,0.4800645,0.3158692,0.6347607,-0.733448,0.2149588,0.1136912
0.97574,0.006901135,0.2187671,0.004994143,0.9978713,0.04371629,0.04816204,0.004718167,0.8133545,0.311411,-0.2617805,-0.4158709,0.6428661,-0.336688,-0.6770853,0.1221467,0.8162398,-0.05841679,0.4812086,0.3142901,0.6436105,-0.7336493,0.190237,0.1064623
0.9754925,0.007255386,0.2198568,0.004994488,0.9978412,0.04372932,0.04880783,0.004314232,0.8135878,0.311413,-0.2616842,-0.4154735,0.6426194,-0.3367743,-0.6772765,0.1221465,0.8163226,-0.05831709,0.4833704,0.3107564,0.6519523,-0.7325652,0.1696985,0.09751372
0.9752449,0.007503174,0.2209427,0.005024996,0.9978093,0.04370281,0.049488,0.004206605,0.8137608,0.311186,-0.2616351,-0.4153356,0.6424562,-0.3367234,-0.6774688,0.1220798,0.8171688,-0.05467841,0.4861376,0.3048211,0.6563047,-0.733049,0.1543658,0.08985811
0.9750062,0.007617018,0.2219908,0.005026143,0.9977795,0.04351388,0.05022638,0.004478667,0.8138224,0.3107716,-0.2615002,-0.41561,0.6424098,-0.3364709,-0.6776656,0.1219273,0.8185011,-0.04945314,0.4875507,0.299841,0.6574513,-0.7345087,0.1451457,0.0847787
0.9747541,0.00770676,0.2230907,0.005061717,0.9977757,0.04293963,0.05074924,0.004946008,0.8137242,0.310401,-0.261113,-0.4163222,0.6423919,-0.3361817,-0.6778495,0.1217966,0.8197829,-0.04587062,0.4861009,0.299262,0.6586654,-0.7343664,0.1417468,0.08230291
0.9745098,0.007759953,0.2241538,0.005058473,0.9977973,0.04215609,0.05091517,0.005586324,0.8136302,0.3099603,-0.2603813,-0.4172915,0.642342,-0.3359206,-0.6780617,0.1215992,0.8208333,-0.04465485,0.4826209,0.3021849,0.6608976,-0.7322541,0.1423812,0.08213302
0.9742826,0.007777331,0.2251403,0.00499734,0.9978438,0.04135836,0.05056419,0.006363174,0.8136534,0.3093087,-0.2593781,-0.4183532,0.6422871,-0.335831,-0.6782104,0.1213077,0.8215255,-0.04429791,0.4788593,0.3063126,0.6639433,-0.7288036,0.1454142,0.08294255
0.9740961,0.007759336,0.2259472,0.004946651,0.9979095,0.04059625,0.04977659,0.007135298,0.8137916,0.3084754,-0.2581527,-0.4194561,0.6423185,-0.3357348,-0.6782765,0.1210373,0.8218236,-0.04371602,0.4758062,0.3103279,0.6677644,-0.7243986,0.1496783,0.08327058
0.9740961,0.007759336,0.2259472,0.004946651,0.9979419,0.03984644,0.04964248,0.007741549,0.8138781,0.3078071,-0.2571611,-0.4203872,0.6424593,-0.3355662,-0.6782483,0.1209166,0.8220505,-0.04280637,0.4755607,0.3102301,0.6695858,-0.7223827,0.151266,0.08328716
0.9738461,0.007447605,0.2270304,0.005045806,0.9980093,0.03952061,0.04843866,0.008324309,0.8138214,0.3074192,-0.2567371,-0.4210396,0.6426653,-0.3354375,-0.6781009,0.1210049,0.8222107,-0.04149627,0.4727149,0.3143058,0.6718244,-0.7190065,0.1572732,0.08334738
0.9737967,0.007171297,0.2272488,0.005158976,0.9980283,0.03909406,0.04831302,0.008782647,0.8135356,0.307511,-0.2569044,-0.4214225,0.6429096,-0.3353071,-0.6778788,0.1213125,0.8225383,-0.03993296,0.4724186,0.3140966,0.6703746,-0.7198026,0.1594844,0.08394632
0.9737936,0.006882041,0.2272685,0.005258192,0.9980381,0.03847743,0.04854893,0.009077339,0.8130381,0.3081998,-0.2575639,-0.4214771,0.6431305,-0.3354031,-0.6775335,0.1218047,0.8229573,-0.03873036,0.472216,0.3134535,0.6683574,-0.7212746,0.1609124,0.08466667
0.9738091,0.006644436,0.2272082,0.005315625,0.9980298,0.03759179,0.04939514,0.009149245,0.8122805,0.3096048,-0.2588561,-0.421116,0.6433035,-0.3356416,-0.6771268,0.1224932,0.8234943,-0.03840231,0.4716179,0.3129839,0.6673146,-0.7219757,0.1619936,0.08485563
0.9738472,0.006514546,0.2270475,0.005366873,0.9980343,0.03654299,0.05010676,0.009030046,0.8116197,0.3109668,-0.2600111,-0.4206749,0.6433761,-0.3357453,-0.6768753,0.1232158,0.8238485,-0.0383039,0.4712702,0.3125874,0.6668732,-0.7222171,0.1629242,0.08448816
0.9739223,0.006395897,0.2267283,0.005369828,0.9980493,0.0352759,0.0507441,0.008855235,0.8111313,0.3122132,-0.2608329,-0.4201846,0.6433688,-0.33563,-0.6768423,0.1237479,0.8240851,-0.03809858,0.4710018,0.3123934,0.6659744,-0.7228849,0.1638733,0.08403046
0.9740127,0.006258526,0.2263428,0.005392619,0.9980671,0.03420817,0.0511516,0.008678508,0.8109189,0.3129321,-0.2614546,-0.4196732,0.6433445,-0.3351083,-0.6770765,0.1240074,0.8242986,-0.03798104,0.4705882,0.3124678,0.6640849,-0.7243021,0.1651174,0.08434509
0.9740819,0.006033774,0.2260503,0.005414486,0.9980581,0.0333315,0.05193128,0.008495518,0.8106783,0.313728,-0.2623298,-0.418997,0.6432576,-0.3343304,-0.6775197,0.1241368,0.824936,-0.03881038,0.4688854,0.3132426,0.6630749,-0.7246725,0.1670939,0.08521206
0.9741243,0.005821832,0.2258716,0.005477217,0.9980774,0.0324589,0.05214317,0.008307748,0.8105264,0.3142672,-0.2627842,-0.4186018,0.6430933,-0.3334564,-0.6780885,0.1242324,0.8254924,-0.03990321,0.4668096,0.3147363,0.6639138,-0.7232157,0.1697813,0.08574357
0.9741243,0.005821832,0.2258716,0.005477217,0.9981424,0.03088156,0.05189314,0.008083146,0.8101988,0.3148563,-0.2635557,-0.4183082,0.6441179,-0.3344396,-0.6765968,0.1244148,0.825474,-0.03874257,0.4662742,0.3157218,0.6644533,-0.7222568,0.1724437,0.08432108
0.9742168,0.005335221,0.2254836,0.005496604,0.998188,0.0300089,0.05153255,0.008045386,0.810002,0.3152806,-0.263064,-0.4186792,0.6431299,-0.3323806,-0.6785001,0.1246782,0.8263263,-0.04009523,0.4635643,0.3173094,0.6672024,-0.7189206,0.1750616,0.08571915
0.9742798,0.00498563,0.2252221,0.005383526,0.9983304,0.02861764,0.04949449,0.008234175,0.8099583,0.3152981,-0.2613826,-0.4198022,0.643003,-0.3319453,-0.6787892,0.1249181,0.8260086,-0.03845815,0.4640244,0.3176668,0.6680909,-0.7177267,0.1764938,0.08586614
0.9743385,0.004691889,0.2249745,0.005376506,0.998309,0.02890191,0.04974668,0.00831306,0.8099583,0.3152981,-0.2613826,-0.4198021,0.6426146,-0.3312668,-0.6795517,0.1245729,0.8265448,-0.03904319,0.4639407,0.31632,0.6687321,-0.7169359,0.177134,0.08616207
0.9743973,0.004528751,0.2247224,0.005421053,0.9983724,0.02805927,0.04895008,0.00832459,0.809042,0.3162529,-0.2623148,-0.4202693,0.6429079,-0.3317917,-0.6787702,0.1259156,0.8267158,-0.03807824,0.4645885,0.3150375,0.669098,-0.716527,0.1773708,0.08623487
0.974471,0.004456057,0.2244014,0.005516036,0.9985453,0.02612554,0.0464263,0.008325508,0.808929,0.3165859,-0.2602056,-0.4215451,0.6429412,-0.331889,-0.6786343,0.1262209,0.8261187,-0.03506288,0.4664252,0.3142388,0.6688648,-0.7167419,0.1775419,0.08590636
0.974471,0.004456057,0.2244014,0.005516036,0.9985453,0.02612554,0.0464263,0.008325508,0.808929,0.3165859,-0.2602056,-0.4215451,0.6429412,-0.331889,-0.6786343,0.1262209,0.8264482,-0.03492102,0.4668401,0.3127688,0.6679014,-0.7175637,0.1778742,0.08585359
0.9746953,0.00416647,0.2234275,0.005635994,0.9986427,0.02541411,0.04467044,0.008444872,0.8089501,0.3163182,-0.2596291,-0.4220607,0.6430532,-0.3321443,-0.6783935,0.1262736,0.8260253,-0.0336221,0.4678403,0.3125335,0.6671071,-0.7179372,0.1790759,0.08640666
0.9748297,0.003909411,0.2228466,0.005584985,0.9986636,0.02502124,0.04437946,0.008686855,0.8088742,0.3163782,-0.2594577,-0.4222666,0.6432665,-0.3320275,-0.6782938,0.1260292,0.8261165,-0.03373278,0.4671789,0.3132691,0.6685577,-0.7163597,0.1799622,0.0864469
0.9751148,0.003624414,0.2216003,0.005599082,0.9986414,0.0245567,0.04509305,0.008888159,0.8086792,0.3166234,-0.2593572,-0.4225179,0.6435168,-0.3310443,-0.6786541,0.1253964,0.8263366,-0.03398224,0.4660858,0.3142883,0.6703491,-0.7144883,0.1808106,0.08629046
0.9752644,0.003489539,0.2209439,0.005572643,0.9986609,0.02402927,0.04488283,0.009200572,0.8086064,0.316546,-0.2589999,-0.4229342,0.6436644,-0.3307433,-0.678673,0.125331,0.8263689,-0.0338241,0.4655226,0.3150541,0.6713609,-0.7134305,0.1813119,0.08612485
0.9754066,0.003360124,0.2203197,0.005472826,0.9986871,0.02348547,0.04450912,0.009563697,0.8086283,0.3164598,-0.2584395,-0.4232996,0.6435842,-0.330492,-0.678868,0.1253496,0.8263298,-0.03322623,0.4652922,0.3155601,0.6713002,-0.713466,0.1813804,0.08615968
0.9755446,0.003224049,0.2197126,0.005370704,0.9987088,0.02326253,0.04405624,0.009936607,0.8086993,0.3161844,-0.2579928,-0.4236422,0.6434006,-0.3302907,-0.6791125,0.1254991,0.826246,-0.03279141,0.4654025,0.3156625,0.6710637,-0.713783,0.1809754,0.08622812
0.9756668,0.003167152,0.2191719,0.005276312,0.99872,0.02314838,0.04380125,0.01019442,0.8087863,0.3158843,-0.2577792,-0.4238298,0.6432565,-0.330017,-0.6793575,0.1256317,0.8262303,-0.03251935,0.4656314,0.315394,0.6711217,-0.7139159,0.18032,0.08604991
0.9757777,0.003169048,0.2186793,0.005223909,0.9987287,0.02302208,0.04363409,0.01034766,0.8089036,0.3155467,-0.2576201,-0.4239542,0.6431695,-0.3296523,-0.6796112,0.1256627,0.8262942,-0.03209296,0.4659267,0.3148337,0.6712956,-0.7139634,0.1796446,0.08571026
0.9758755,0.003177808,0.218243,0.005192063,0.99874,0.02275623,0.04348215,0.01047833,0.8089523,0.3153999,-0.257438,-0.4240812,0.64311,-0.3292857,-0.6798301,0.1257429,0.8264781,-0.03128348,0.4660832,0.3142002,0.6714687,-0.7139586,0.1791685,0.08539172
0.9759527,0.003199423,0.2178979,0.005145081,0.9987473,0.02258166,0.04337096,0.01062548,0.8089983,0.3152719,-0.2574273,-0.4240949,0.6430528,-0.3290511,-0.6799921,0.1257751,0.8267813,-0.03069545,0.4659857,0.3136047,0.6718672,-0.7137086,0.1787781,0.0851647
0.9760077,0.003186566,0.2176527,0.005109922,0.9987495,0.02246163,0.04336916,0.01068321,0.8089941,0.3152694,-0.2576039,-0.4239976,0.6429609,-0.3291402,-0.680048,0.1257091,0.8271276,-0.03061515,0.4655833,0.3132967,0.6725365,-0.7131791,0.1784394,0.08502798
0.9760154,0.003173526,0.217618,0.005133535,0.9987566,0.022237,0.0433399,0.01060486,0.8089016,0.3154576,-0.2578196,-0.423903,0.6429102,-0.3293019,-0.6800313,0.1256356,0.827483,-0.03059433,0.4651232,0.3130437,0.6728384,-0.7129999,0.1780721,0.08491092
0.9760036,0.003186139,0.2176712,0.005090441,0.9987694,0.0218516,0.04323718,0.01062078,0.8087695,0.3156852,-0.2578525,-0.4239656,0.6428597,-0.3294179,-0.6800497,0.1254904,0.8278524,-0.03021578,0.4646271,0.3128404,0.6727819,-0.713073,0.1780778,0.08473495
0.9759946,0.003159602,0.2177159,0.004937346,0.9987864,0.02138389,0.04301999,0.01085471,0.8086796,0.3158242,-0.257656,-0.424153,0.6428474,-0.3293703,-0.6801371,0.1252043,0.8281954,-0.02979902,0.4639544,0.3129711,0.6728862,-0.712898,0.1784615,0.08457066
0.9759656,0.003176876,0.21785,0.004763685,0.9988137,0.02085371,0.04255743,0.01118694,0.8085658,0.315953,-0.2574517,-0.4243981,0.6428961,-0.3293114,-0.680147,0.1250547,0.8284519,-0.0296932,0.4631747,0.3134565,0.6734297,-0.7122889,0.178926,0.08439468
0.9759287,0.003203507,0.2180174,0.004630145,0.9988401,0.0201719,0.04219992,0.01143728,0.8083514,0.3163427,-0.2573855,-0.4245564,0.6429577,-0.3292755,-0.6801208,0.1249748,0.8287135,-0.02974147,0.4622174,0.3141725,0.67413,-0.7115222,0.1793846,0.08429844
0.9758909,0.003172996,0.2181886,0.004534636,0.9988687,0.01950138,0.04177755,0.01165225,0.8080779,0.316858,-0.2573654,-0.4247048,0.6429706,-0.3294341,-0.6800432,0.1249139,0.8289527,-0.0295308,0.4614678,0.314663,0.6747375,-0.7108537,0.1797878,0.08421824
0.9758719,0.003047965,0.2182771,0.004468,0.9988937,0.01887204,0.04140761,0.01186255,0.8078501,0.317371,-0.2571866,-0.4248635,0.64295,-0.329515,-0.6800529,0.1247526,0.8291987,-0.02899754,0.4610032,0.3147455,0.6749269,-0.7106208,0.1800118,0.08418763
0.9758686,0.002943423,0.2182957,0.00435578,0.9989144,0.0181915,0.04113264,0.01213996,0.8077008,0.3178508,-0.256917,-0.4249517,0.6429057,-0.3295421,-0.6801337,0.1244696,0.8294365,-0.02841786,0.4606843,0.3146388,0.6750886,-0.7104515,0.1801429,0.08403907
0.9758744,0.002834409,0.218272,0.004323798,0.9989282,0.01767574,0.04096385,0.01232667,0.8076489,0.3182401,-0.2566992,-0.4248906,0.642867,-0.3295179,-0.6802506,0.1240927,0.8295928,-0.02805093,0.460443,0.3146128,0.6751732,-0.7103546,0.1802855,0.08387287
0.9758914,0.002700031,0.2181973,0.004333891,0.9989427,0.01708977,0.04080262,0.01251124,0.8075861,0.3186507,-0.2563736,-0.4248988,0.6428821,-0.3293982,-0.6803591,0.1237372,0.8296857,-0.02761565,0.4601837,0.3147857,0.6753781,-0.7101143,0.1805418,0.08370647
0.9759305,0.002512315,0.2180251,0.004313819,0.9989547,0.01637663,0.04072354,0.01276499,0.8074826,0.3191689,-0.25593,-0.4249741,0.6429213,-0.3293275,-0.6804274,0.123346,0.8297703,-0.02694686,0.4599053,0.3150272,0.6754978,-0.7099119,0.1809116,0.08365878
0.9759831,0.002312066,0.2177918,0.004269305,0.9989679,0.01563423,0.0405774,0.01311988,0.8073458,0.3196763,-0.2554683,-0.4251303,0.6429961,-0.3292805,-0.6804284,0.1230757,0.8298295,-0.0260773,0.4596973,0.3152482,0.6757373,-0.7095291,0.1815026,0.08369265
0.9760506,0.002134911,0.2174935,0.004170476,0.9989743,0.01494834,0.04053262,0.01356445,0.8071673,0.3201647,-0.2551405,-0.4252986,0.6431144,-0.3292336,-0.6803626,0.122946,0.8299452,-0.02517891,0.4594199,0.3154211,0.6760601,-0.7089601,0.1824576,0.08383013
0.976136,0.001939725,0.2171135,0.004063132,0.9989668,0.0143818,0.04076157,0.014043,0.8069384,0.3206582,-0.2550484,-0.4254165,0.6432498,-0.3292107,-0.6802608,0.1228635,0.8301889,-0.02418464,0.4589856,0.3154896,0.6761548,-0.7084653,0.1839018,0.08409443
0.9762242,0.001744308,0.2167194,0.003975711,0.99897,0.01367295,0.04077101,0.01448599,0.8067838,0.3210593,-0.2546873,-0.4256234,0.6432915,-0.3296631,-0.6800208,0.1227604,0.8303517,-0.02295737,0.458506,0.3158499,0.6761498,-0.7079163,0.1858294,0.08451845
0.9763183,0.001559584,0.2162974,0.003937994,0.9989904,0.01259971,0.04045585,0.01492894,0.8066306,0.3214988,-0.2539064,-0.4260483,0.6433951,-0.3292664,-0.680112,0.1227764,0.8303558,-0.02139006,0.4580013,0.3166805,0.6764667,-0.7069275,0.1883086,0.08477177
0.9764265,0.001271203,0.2158111,0.003907898,0.9989892,0.01191963,0.04051517,0.01539893,0.806702,0.321549,-0.253777,-0.4259523,0.6437252,-0.3296471,-0.6797147,0.1222235,0.8304754,-0.01993746,0.457441,0.3172711,0.6765191,-0.7060545,0.1912627,0.08501467
0.9765471,0.0009667167,0.2152667,0.003901257,0.9989754,0.01162354,0.04073364,0.01593306,0.8066151,0.3215113,-0.2537207,-0.4261788,0.6439195,-0.3296305,-0.6795767,0.1220121,0.8306621,-0.0186153,0.45693,0.3175987,0.6763164,-0.7052618,0.1946805,0.08544837
0.9766768,0.0005961735,0.2146782,0.003930221,0.9989609,0.01110151,0.04107579,0.01633136,0.806307,0.321963,-0.2531358,-0.4267682,0.6439137,-0.3290629,-0.6798325,0.1221498,0.8309345,-0.01681602,0.4561353,0.3181284,0.6758206,-0.7045021,0.198849,0.08603773
0.9768174,0.0002067329,0.2140376,0.003955937,0.9989868,0.00926368,0.04064195,0.01696517,0.8058814,0.3226398,-0.2522845,-0.4275644,0.64432,-0.3292564,-0.6793429,0.1222092,0.8311619,-0.01312516,0.4551145,0.3191685,0.676182,-0.7011271,0.2087116,0.08739699
0.9769673,-0.0001416011,0.213352,0.003965433,0.9989538,0.009617573,0.04133637,0.01703836,0.8058311,0.3225676,-0.2528715,-0.4273669,0.6444433,-0.329188,-0.6792172,0.1224429,0.831668,-0.01153065,0.4538546,0.3197054,0.6754125,-0.7012247,0.2106805,0.0878391
0.977116,-0.0004746159,0.2126694,0.003981411,0.9989849,0.008110748,0.04071581,0.01748026,0.8054879,0.3231039,-0.2516286,-0.4283412,0.6445245,-0.3293161,-0.6790322,0.1226962,0.8320033,-0.00741063,0.4521771,0.3213276,0.6752754,-0.6986506,0.2188363,0.08944943
0.9772651,-0.000729332,0.2119821,0.003999231,0.9989854,0.007427864,0.0407726,0.01762427,0.8053004,0.323378,-0.2512995,-0.42868,0.644427,-0.3293497,-0.6790419,0.1230635,0.8333228,-0.000894277,0.4480701,0.3237368,0.6749586,-0.6916977,0.2393812,0.09317596
0.9774075,-0.0008830387,0.2113245,0.003976886,0.9989898,0.006629228,0.04074366,0.01776343,0.8051742,0.3235142,-0.2507805,-0.4291179,0.6447317,-0.3295383,-0.6786486,0.1231324,0.8340337,0.003674755,0.4458317,0.3249746,0.6753414,-0.6868069,0.2514486,0.09478328
0.9777181,-0.001009856,0.2098852,0.00383454,0.9989654,0.005734091,0.04137122,0.01798766,0.8051142,0.32352,-0.250048,-0.4296535,0.6446229,-0.3294681,-0.6787218,0.1234865,0.8348041,0.008626317,0.4433056,0.3263556,0.6761054,-0.6807802,0.2647177,0.09666598
0.9778712,-0.001106614,0.2091721,0.003705126,0.9989817,0.004957796,0.04095672,0.01826687,0.8051751,0.3231851,-0.2491212,-0.4303291,0.6447381,-0.3295409,-0.6785781,0.1234806,0.8356132,0.01411863,0.4410326,0.3271719,0.6762225,-0.6746794,0.2787017,0.09927844
0.9780406,-0.001175608,0.208382,0.003480796,0.9989961,0.004141159,0.04049126,0.01871476,0.8052304,0.3227202,-0.248137,-0.4311425,0.6448954,-0.3296405,-0.6783932,0.1234088,0.8364665,0.0206307,0.4391444,0.3271855,0.6757179,-0.6686522,0.2931957,0.1017152
0.9782208,-0.001234865,0.2075388,0.003216734,0.9989985,0.003250682,0.04028261,0.0192035,0.8051766,0.322445,-0.2473813,-0.4318823,0.6450809,-0.3297732,-0.6781699,0.1233121,0.8375103,0.0271128,0.4366956,0.3273198,0.6759658,-0.6613703,0.3080979,0.1036102
0.9784133,-0.001352141,0.2066306,0.003036048,0.9989988,0.002521117,0.04011833,0.0196333,0.805058,0.3222386,-0.2468604,-0.432555,0.6452842,-0.3299558,-0.6778795,0.1233564,0.8386226,0.03307027,0.4337205,0.3278795,0.6775556,-0.6521769,0.3233478,0.1050237
0.9784133,-0.001352141,0.2066306,0.003036048,0.999043,0.001770475,0.03893761,0.01984589,0.8048643,0.3221721,-0.2465515,-0.4331408,0.6456196,-0.3304082,-0.6772569,0.1238101,0.8382109,0.0342976,0.4342444,0.3281128,0.6827726,-0.6414122,0.3337426,0.1050138
0.9788723,-0.001699449,0.2044442,0.002948141,0.9989961,0.001266436,0.03997388,0.02018206,0.8045402,0.322462,-0.2463839,-0.4336224,0.6453595,-0.3307198,-0.6772555,0.1243407,0.8406638,0.04609194,0.4287359,0.3276363,0.6806389,-0.6329089,0.3532891,0.1065068
0.9791272,-0.001955082,0.2032186,0.002894092,0.9989894,0.0007431656,0.04008344,0.02032151,0.8042563,0.3227872,-0.2463988,-0.4338984,0.6454064,-0.3312344,-0.6768454,0.1249586,0.8414429,0.05352025,0.4270577,0.3266974,0.6807858,-0.6246975,0.367242,0.1068511
0.979381,-0.002142431,0.2019903,0.002877315,0.9989914,0.0002962853,0.04006307,0.02027403,0.8041241,0.3228656,-0.2463329,-0.4341225,0.6454961,-0.3315485,-0.6764872,0.1256004,0.8420672,0.06144879,0.4254333,0.3258118,0.679867,-0.6172484,0.381026,0.1077247
0.9796368,-0.002344849,0.2007439,0.002879285,0.9989955,-0.0002131289,0.04006531,0.02006527,0.8041244,0.3228711,-0.2460605,-0.4342723,0.6455813,-0.3317094,-0.6762189,0.1261809,0.8427904,0.06951267,0.423159,0.3252828,0.6785748,-0.6095031,0.3950242,0.1095359
0.9798909,-0.002582082,0.1994964,0.002872653,0.9990056,-0.0004675106,0.03992879,0.01982971,0.8042977,0.3225842,-0.2456966,-0.4343707,0.6456315,-0.331785,-0.6760308,0.1267321,0.8436074,0.07726455,0.4205292,0.3248259,0.6774434,-0.6011264,0.4089227,0.1118026
0.9801485,-0.002793171,0.1982249,0.002815838,0.9990127,-0.0006746776,0.03985064,0.01962487,0.8045132,0.3221869,-0.2453606,-0.4344563,0.6456386,-0.3318388,-0.6759043,0.1272288,0.844422,0.08515167,0.4180081,0.3239908,0.6766173,-0.5920483,0.422877,0.1133269
0.9804012,-0.00294717,0.1969707,0.002733661,0.9990157,-0.0009899628,0.0398565,0.01945011,0.8047032,0.3217833,-0.2451288,-0.4345344,0.6456806,-0.3319072,-0.6757507,0.1276531,0.8451939,0.09370158,0.4155593,0.3227659,0.6754632,-0.582822,0.4371035,0.114055
0.9806442,-0.003112318,0.1957562,0.002606871,0.9990091,-0.001373476,0.04006347,0.01933778,0.8047374,0.3215814,-0.2451829,-0.4345901,0.6457461,-0.3319706,-0.6755475,0.128231,0.8461053,0.1031837,0.4128711,0.3209307,0.6732648,-0.5741293,0.4515905,0.1146999
0.98088,-0.00330915,0.1945706,0.002445733,0.9989936,-0.001919821,0.0404725,0.01924074,0.8045939,0.3217339,-0.2454108,-0.4346144,0.6457981,-0.3321001,-0.6752896,0.1289892,0.8471237,0.113408,0.4094843,0.3191279,0.6701285,-0.5659326,0.466077,0.1158468
0.9811041,-0.003533123,0.1934344,0.00233266,0.9989828,-0.002425324,0.04079981,0.01904722,0.8043811,0.3220384,-0.2457858,-0.4345707,0.6458113,-0.3324371,-0.6749256,0.1299576,0.8481242,0.1235245,0.4055043,0.3177944,0.6668647,-0.5573651,0.4804378,0.1175381
0.9813148,-0.003797136,0.1923592,0.002189221,0.9989863,-0.002570215,0.04077863,0.01889107,0.8043172,0.3219458,-0.2460696,-0.434597,0.6457952,-0.3328126,-0.6745508,0.1310175,0.8489677,0.1334121,0.401524,0.316597,0.6637588,-0.5480742,0.4948091,0.1191764
0.9815028,-0.004096536,0.191393,0.002054253,0.9989985,-0.002370343,0.04057069,0.01872388,0.8044066,0.3214055,-0.2462647,-0.434721,0.6458119,-0.333112,-0.6742026,0.1319635,0.8497332,0.1436832,0.3978252,0.3147123,0.6601115,-0.5391316,0.5090174,0.1203798
0.9816864,-0.004347604,0.1904447,0.001916632,0.9990076,-0.002257567,0.04041569,0.01858355,0.8045448,0.3207051,-0.2462724,-0.434978,0.6458616,-0.333314,-0.6739028,0.132739,0.8503056,0.1548222,0.394095,0.3125694,0.655795,-0.5309637,0.52284,0.1210327
0.9818604,-0.004492288,0.1895439,0.001768569,0.9990092,-0.002086776,0.0404497,0.01844391,0.8047385,0.319877,-0.2464701,-0.4351175,0.6459875,-0.3334807,-0.6735541,0.1334751,0.850809,0.1659344,0.3900122,0.310613,0.6513775,-0.522788,0.5363785,0.121236
0.9820374,-0.004594018,0.1886241,0.001594489,0.9990091,-0.001857748,0.04050195,0.01835992,0.804861,0.3191441,-0.2468019,-0.4352409,0.6459936,-0.3338195,-0.673174,0.1345128,0.8511811,0.1766168,0.3857517,0.3090191,0.6477893,-0.5134789,0.5496529,0.1207894
0.9822143,-0.004743709,0.1876982,0.001407613,0.9990104,-0.001604975,0.04050441,0.01830507,0.8049071,0.3185837,-0.2471124,-0.4353899,0.645895,-0.3343589,-0.6727362,0.1358302,0.8515437,0.1868623,0.381219,0.3076164,0.6449655,-0.502977,0.562766,0.1196996
0.9823824,-0.004831014,0.1868154,0.001237286,0.999013,-0.001372509,0.04051141,0.01816661,0.8050102,0.3180351,-0.2473872,-0.4354444,0.6456959,-0.3351048,-0.6722942,0.137121,0.8519492,0.19688,0.3762201,0.3063975,0.6423406,-0.4916773,0.5758238,0.1186551
0.9825405,-0.004886285,0.1859813,0.001126066,0.9990193,-0.001223333,0.04043248,0.0180107,0.8051417,0.3173532,-0.2474824,-0.4356446,0.6454877,-0.3359201,-0.6718441,0.1383072,0.8522067,0.2073207,0.3711587,0.3049642,0.6390998,-0.4811676,0.5883065,0.1180033
0.9826925,-0.004941992,0.1851755,0.001001786,0.9990294,-0.001076797,0.04023475,0.01789708,0.805369,0.3164904,-0.2474422,-0.435875,0.6453251,-0.3366725,-0.6713955,0.1394107,0.8521998,0.2180043,0.3661354,0.3036025,0.635672,-0.4709892,0.6003085,0.1171325
0.9828424,-0.005006315,0.1843778,0.0008867123,0.9990309,-0.0007645831,0.04025049,0.01779381,0.805621,0.3155526,-0.2476199,-0.4359882,0.6452308,-0.3372503,-0.6709629,0.1405283,0.8521731,0.228389,0.3606969,0.3025514,0.6326364,-0.4601364,0.6121715,0.1152907
0.9829746,-0.00501463,0.1836713,0.0008076528,0.9990376,-0.0003950974,0.04016191,0.01762885,0.8059331,0.3145884,-0.2478976,-0.4359503,0.6451429,-0.3378572,-0.6704825,0.1417625,0.8519305,0.239156,0.3553231,0.3012712,0.6295678,-0.4493081,0.6237636,0.1126303
0.9830944,-0.004998203,0.1830299,0.0007831858,0.9990497,-0.0005385896,0.03997071,0.01737592,0.8061303,0.31409,-0.2478796,-0.4359553,0.645004,-0.338569,-0.6699806,0.1430626,0.8513688,0.2507203,0.3500828,0.2995872,0.6262221,-0.4395468,0.6344069,0.1103286
0.9832087,-0.004978607,0.1824161,0.0006898826,0.9990569,-0.0007916871,0.03983218,0.01726953,0.8062767,0.3137139,-0.2478629,-0.4359649,0.6448559,-0.3393363,-0.6694563,0.1443608,0.8506817,0.262408,0.3448651,0.2975748,0.6229386,-0.4306526,0.6439499,0.1086941
0.9833086,-0.00494534,0.181878,0.000533278,0.9990549,-0.0003952531,0.03989162,0.01725789,0.8066365,0.3125274,-0.2488684,-0.4355786,0.6450789,-0.3402913,-0.6685511,0.1453081,0.8499085,0.2735769,0.3399159,0.2954121,0.6204723,-0.4214532,0.6528582,0.1056773
0.9833983,-0.004899294,0.1813939,0.0003698951,0.9990575,-0.0002123318,0.03986158,0.01718148,0.8069753,0.3117678,-0.2490767,-0.4353764,0.6446738,-0.3415321,-0.6681559,0.1460111,0.8487086,0.2849835,0.3352605,0.2933918,0.6193618,-0.4108221,0.6616367,0.099262
0.983472,-0.00486387,0.1809948,0.0001843013,0.9991115,0.000264549,0.03857548,0.0169717,0.8077812,0.3102317,-0.2484647,-0.4353287,0.6440436,-0.3432115,-0.6678286,0.146352,0.8468407,0.2966994,0.3318767,0.2910121,0.6190263,-0.3995571,0.6700057,0.09084613
0.9835541,-0.004830666,0.1805492,-3.349531E-06,0.9991192,0.000770068,0.03837164,0.01697001,0.8081654,0.3092828,-0.2486198,-0.4352024,0.643325,-0.3449633,-0.6675727,0.1465607,0.8452981,0.3079852,0.3275654,0.2886473,0.6267102,-0.3776901,0.6763249,0.08467073
0.9836344,-0.004822176,0.1801117,-0.0001826028,0.999099,0.0007297478,0.03881605,0.01714482,0.8080696,0.3092544,-0.2490676,-0.4351443,0.6424189,-0.3471341,-0.6672966,0.1466673,0.8438748,0.3191521,0.3222633,0.2866421,0.6182855,-0.379928,0.6834705,0.07903061
0.9837199,-0.004799295,0.1796444,-0.0003368309,0.9991427,0.001011643,0.0377107,0.01705421,0.80862,0.3082527,-0.248587,-0.4351076,0.6412555,-0.3501456,-0.6669633,0.146114,0.8417144,0.3304595,0.3183121,0.2845888,0.6182338,-0.3711726,0.6887029,0.07554083
0.9838824,-0.004643093,0.1787552,-0.000604104,0.9991416,0.001174893,0.03768746,0.0171585,0.8088262,0.307692,-0.2487478,-0.4350292,0.6383005,-0.3571381,-0.6666209,0.1436718,0.8377861,0.3518524,0.3092479,0.2805001,0.6201501,-0.3520345,0.6982008,0.06325604
0.9839642,-0.004597753,0.1783053,-0.0007295054,0.9991574,0.001328619,0.03727439,0.0171325,0.8089103,0.3073714,-0.2489887,-0.4349618,0.6367924,-0.3610025,-0.6662723,0.1423163,0.8352733,0.3625563,0.3052842,0.2786987,0.6220081,-0.3410947,0.7027844,0.05342689
0.984044,-0.004544487,0.1778653,-0.0008625074,0.9991661,0.001572588,0.03704308,0.01710022,0.8089005,0.307183,-0.2494746,-0.4348345,0.6353466,-0.3642643,-0.6661152,0.1411984,0.8328395,0.3725136,0.3011033,0.2773963,0.6239863,-0.3305446,0.7066334,0.04528467
0.9841188,-0.004489827,0.177452,-0.001034711,0.9991683,0.001932833,0.03695376,0.01712696,0.8088689,0.3070527,-0.2501459,-0.4345995,0.6339516,-0.3668126,-0.6662511,0.1402264,0.8307435,0.3815702,0.2971589,0.2756193,0.6258931,-0.3216625,0.7093051,0.040954
0.9841947,-0.00443499,0.1770308,-0.001174989,0.9991687,0.002300145,0.03693076,0.01710893,0.8088458,0.3069754,-0.2508059,-0.4343166,0.6326668,-0.3686743,-0.6666188,0.1393968,0.8288774,0.3899591,0.2934482,0.2734633,0.6279144,-0.3139996,0.7110059,0.03997868
0.9842809,-0.004331659,0.1765525,-0.001286713,0.9991696,0.002376754,0.03694826,0.01701059,0.8087825,0.3071036,-0.25122,-0.4341047,0.631373,-0.3701737,-0.6671768,0.1386167,0.8270383,0.3979255,0.2901925,0.271019,0.630425,-0.3067663,0.7119423,0.03996244
0.9842809,-0.004331659,0.1765525,-0.001286713,0.9992046,0.002623952,0.03605502,0.01683092,0.8088592,0.3068841,-0.2512438,-0.4341031,0.6313518,-0.370535,-0.6668643,0.139251,0.8267546,0.3980623,0.2910469,0.2707672,0.6392792,-0.2956246,0.7086061,0.04249467
0.9844358,-0.004050383,0.1756919,-0.001482314,0.9992056,0.002600927,0.03606164,0.01676221,0.8089424,0.3066095,-0.251269,-0.4341277,0.6288901,-0.3722153,-0.6687293,0.1369459,0.8221965,0.4139806,0.2859315,0.2661883,0.6372519,-0.2884863,0.7138914,0.03232526
0.9845184,-0.00397517,0.1752288,-0.00161562,0.9992192,0.002722616,0.0357264,0.01665252,0.8089151,0.3064853,-0.251328,-0.434232,0.6277539,-0.3726282,-0.6697333,0.1361277,0.8195538,0.4218445,0.2845287,0.2634812,0.640841,-0.2781255,0.7150555,0.02578179
0.9846153,-0.003950797,0.1746825,-0.00174529,0.9992296,0.002847191,0.03548916,0.01651257,0.8087104,0.3065585,-0.2515208,-0.4344498,0.6266483,-0.3726198,-0.6708888,0.1355531,0.8167727,0.4296986,0.2834183,0.2606063,0.6441939,-0.2674181,0.7163735,0.01762859
0.9847144,-0.00394975,0.1741225,-0.001859435,0.9992399,0.002966634,0.0352684,0.01633942,0.8084306,0.3067251,-0.2518016,-0.4346903,0.6256693,-0.3720987,-0.6721607,0.1352056,0.8139434,0.4372561,0.2828693,0.2574648,0.6473603,-0.2563726,0.717725,0.008291426
0.9848121,-0.003892523,0.1735685,-0.00200713,0.9992414,0.003172719,0.03528811,0.0161627,0.8081576,0.3069336,-0.252422,-0.4346911,0.6247522,-0.3714247,-0.6734703,0.1347823,0.811288,0.4440051,0.2825873,0.2545891,0.6505661,-0.243767,0.7192608,-0.002332857
0.9848121,-0.003892523,0.1735685,-0.00200713,0.999254,0.003512922,0.03502176,0.0158963,0.8078586,0.3071936,-0.2532484,-0.4345823,0.6247832,-0.3718193,-0.6730071,0.1358599,0.8088401,0.4499103,0.2823402,0.2522744,0.6545049,-0.2314334,0.7196575,-0.01245294
0.9850121,-0.003667993,0.1724316,-0.002235534,0.9992183,0.003503215,0.03605291,0.01583128,0.8074515,0.307637,-0.2541336,-0.4345085,0.622726,-0.3702195,-0.6762984,0.133306,0.8066863,0.4550507,0.2816946,0.2506677,0.6584239,-0.2187651,0.7197874,-0.02293512
0.9851074,-0.003573986,0.171886,-0.002417314,0.9992095,0.00354495,0.03634046,0.01572201,0.8070319,0.3081424,-0.2549459,-0.4344542,0.621973,-0.3688947,-0.6777788,0.1329743,0.8044413,0.4602039,0.2812822,0.2489317,0.661917,-0.2074816,0.719565,-0.03230472
0.9851999,-0.003478559,0.1713544,-0.002592831,0.9992025,0.003523368,0.03661113,0.01554567,0.8065436,0.3087262,-0.2557811,-0.4344555,0.6211064,-0.3677797,-0.6792789,0.132458,0.8022115,0.4650906,0.2809614,0.2474026,0.6650804,-0.1988263,0.7187872,-0.03848659
0.9852912,-0.003432449,0.1708268,-0.002770979,0.9991934,0.003614399,0.03692741,0.01535479,0.8059959,0.3092985,-0.256693,-0.434527,0.6203413,-0.3665546,-0.6806834,0.132229,0.7999699,0.4697205,0.2810523,0.2458058,0.6679966,-0.1932366,0.7174398,-0.04147689
0.9853752,-0.003392612,0.1703395,-0.002939913,0.999184,0.003668302,0.03725993,0.0151502,0.8054895,0.3098834,-0.2574915,-0.4345769,0.6197679,-0.364969,-0.6820617,0.1322015,0.7975891,0.4742262,0.2813897,0.2445017,0.6708457,-0.1901291,0.7155704,-0.04214142
0.9854539,-0.003323975,0.1698826,-0.00308681,0.9991729,0.003657067,0.03765035,0.01492257,0.8051187,0.3104325,-0.2582525,-0.4344206,0.6193974,-0.3632969,-0.6833472,0.1319055,0.7950907,0.4785594,0.2817777,0.2437481,0.6736539,-0.1878378,0.7135338,-0.04215334
0.9855213,-0.003249558,0.1694906,-0.003218533,0.9991673,0.003618634,0.03789544,0.01468711,0.8048367,0.310774,-0.2588993,-0.434314,0.6194921,-0.3610011,-0.6845164,0.1317013,0.7922737,0.4832002,0.282231,0.2432396,0.6760641,-0.184516,0.7118843,-0.0459558
0.9855832,-0.003185513,0.1691291,-0.00332322,0.9991621,0.003644804,0.03814531,0.01437874,0.8044419,0.31115,-0.2596394,-0.4343343,0.6199192,-0.3579146,-0.6856716,0.1321056,0.7893867,0.4877407,0.2828303,0.2428675,0.6781339,-0.1799983,0.7105539,-0.05336765
0.9856385,-0.003140756,0.1688067,-0.003368319,0.9991527,0.003813576,0.03852053,0.01398649,0.8039373,0.311557,-0.2605374,-0.4344392,0.6204639,-0.3541826,-0.6869253,0.1330905,0.7869321,0.4913962,0.2830628,0.2431937,0.680083,-0.1750737,0.7093172,-0.0608723
0.985682,-0.003111082,0.1685522,-0.003399921,0.9991437,0.004030678,0.03887264,0.01358983,0.8035478,0.3118589,-0.2613482,-0.434456,0.6212407,-0.3498484,-0.6882331,0.1341693,0.7849594,0.4940484,0.2830563,0.2442007,0.6823696,-0.1706116,0.707695,-0.06656735
0.9857154,-0.003108392,0.1683552,-0.003466053,0.9991399,0.004057107,0.03907111,0.01328462,0.8034477,0.3119165,-0.2615764,-0.4344626,0.6222346,-0.3445938,-0.6898621,0.1347945,0.7832672,0.4960014,0.2827632,0.2460085,0.6852164,-0.1663909,0.7055598,-0.07055527
0.9857428,-0.003101763,0.1681943,-0.003520451,0.9991409,0.00410321,0.03914251,0.01298544,0.8036575,0.3116162,-0.2613603,-0.4344199,0.6231255,-0.3394126,-0.6916227,0.1348027,0.7819446,0.4971193,0.2821079,0.2486973,0.6884363,-0.1609281,0.7032851,-0.07448311
0.985764,-0.003157576,0.1680691,-0.003520449,0.9991512,0.004177404,0.03899483,0.01260812,0.8039465,0.3112753,-0.2609623,-0.4343688,0.6236661,-0.3355994,-0.6931503,0.1340015,0.7807929,0.4978738,0.2812205,0.2517919,0.6914633,-0.1529356,0.7012551,-0.08203965
0.9857847,-0.003228589,0.167946,-0.003506176,0.999171,0.00390256,0.03863046,0.0122376,0.8039991,0.3113965,-0.2604922,-0.4344669,0.6238261,-0.3336069,-0.6942528,0.132516,0.7796933,0.4984358,0.2801086,0.2553022,0.6943464,-0.1411026,0.6993428,-0.09430191
0.9858143,-0.00327535,0.1677728,-0.003434265,0.999194,0.003346039,0.03819573,0.01188728,0.8038041,0.3119892,-0.2601449,-0.4346105,0.6238289,-0.3330404,-0.6948853,0.1305983,0.7790519,0.4979764,0.2786342,0.2597317,0.6974663,-0.1247161,0.6970059,-0.1103154
0.9858548,-0.003329599,0.1675357,-0.003339527,0.9992001,0.003193104,0.03816587,0.01150295,0.8028981,0.3137495,-0.2612824,-0.4343356,0.6236721,-0.3333264,-0.6949825,0.1300999,0.7785829,0.4965819,0.2776041,0.2648604,0.7009542,-0.1056386,0.6934505,-0.1289584
0.9859134,-0.003563507,0.167188,-0.00321975,0.9992085,0.003465246,0.03800975,0.01121176,0.8026024,0.3145691,-0.2615995,-0.4340986,0.6239886,-0.3320177,-0.6954581,0.1293856,0.7779419,0.4951711,0.2772085,0.2697544,0.7042255,-0.08683924,0.6890352,-0.1474997
0.9859706,-0.003734388,0.1668491,-0.003091402,0.9992294,0.003238132,0.03756141,0.01092542,0.8028263,0.3144808,-0.2607304,-0.4342712,0.6252304,-0.3276906,-0.696475,0.1289513,0.7766791,0.4948463,0.2772915,0.2738726,0.7073275,-0.07477614,0.6846218,-0.1593405
0.9860432,-0.00380789,0.1664189,-0.002999301,0.9992569,0.003120841,0.03690849,0.01066415,0.8023906,0.3158412,-0.2613848,-0.4336953,0.6270596,-0.3219956,-0.696865,0.1322659,0.7752086,0.4951957,0.2780946,0.2765796,0.7106983,-0.07262196,0.680997,-0.160864
0.9861173,-0.003844359,0.1659796,-0.002944711,0.9992493,0.003508204,0.03720666,0.0102101,0.8022031,0.3163729,-0.2621825,-0.4331729,0.6298524,-0.3136066,-0.6973947,0.1362999,0.774263,0.4950268,0.2787899,0.2788216,0.7138415,-0.07714604,0.6784238,-0.1556274
0.9862694,-0.00407221,0.165066,-0.00305962,0.9992388,0.003142715,0.03764233,0.009742938,0.8019321,0.3174451,-0.2621645,-0.4329011,0.6329144,-0.3061748,-0.6975616,0.1381458,0.7712083,0.496838,0.2807083,0.2821217,0.719017,-0.09482031,0.6747082,-0.137086
0.9862694,-0.00407221,0.165066,-0.00305962,0.9992501,0.003267611,0.03736962,0.009602322,0.8016466,0.3178954,-0.2627439,-0.4327481,0.6328766,-0.3067122,-0.6971839,0.1390306,0.7711267,0.4968226,0.281023,0.2820586,0.7196673,-0.1025459,0.6746344,-0.1281864
0.986357,-0.004192315,0.1645372,-0.003136168,0.999236,0.003639623,0.03771023,0.009595399,0.801567,0.3179993,-0.2632373,-0.4325194,0.63364,-0.3065708,-0.6965734,0.1389251,0.7693266,0.4984206,0.2825354,0.2826433,0.7201079,-0.1085336,0.6738987,-0.1246025
0.9865152,-0.004436536,0.1635795,-0.003131792,0.9991996,0.004131436,0.03863658,0.009510643,0.8016533,0.3179187,-0.2636002,-0.4321976,0.6339291,-0.3101628,-0.6951845,0.1365708,0.7649589,0.5032132,0.2860464,0.2824744,0.7201999,-0.1158024,0.6722625,-0.1263528
0.9865662,-0.004439411,0.1632718,-0.003111813,0.999183,0.00457078,0.03905933,0.00932101,0.8018866,0.3176107,-0.2640084,-0.4317419,0.6336814,-0.312607,-0.694553,0.1353548,0.7633586,0.5048532,0.2875807,0.2823194,0.7195911,-0.1188805,0.6723896,-0.1262871
0.9865955,-0.004476938,0.1630938,-0.003129645,0.9991737,0.004928063,0.03930009,0.009120882,0.8022498,0.3171615,-0.264182,-0.4312907,0.6336057,-0.3135342,-0.694342,0.1346456,0.7621151,0.5061224,0.2887791,0.2821832,0.718865,-0.1205158,0.6728954,-0.126177
0.9866073,-0.004637993,0.1630172,-0.003160029,0.9991686,0.005231672,0.03943754,0.008919006,0.8026773,0.3167561,-0.2642158,-0.4307724,0.6336513,-0.3133041,-0.6944631,0.1343418,0.7612375,0.5070987,0.2894699,0.2820915,0.7181561,-0.1218602,0.6736968,-0.124638
0.9866055,-0.004793991,0.163023,-0.003201534,0.9991716,0.005509792,0.0393473,0.008811378,0.803111,0.3163178,-0.2641785,-0.4303086,0.6337318,-0.3125685,-0.6947459,0.1342132,0.7605925,0.5079749,0.2899647,0.2817465,0.7174258,-0.1229241,0.6747055,-0.1223209
0.9865912,-0.004870107,0.1631068,-0.003243251,0.9991778,0.005636772,0.0391879,0.008732916,0.8033866,0.3161632,-0.264243,-0.429868,0.633709,-0.3119171,-0.6950858,0.1340766,0.7600119,0.508858,0.290291,0.2813831,0.7167686,-0.1237691,0.6757033,-0.119788
0.9865601,-0.004924827,0.1632907,-0.003335929,0.9991851,0.005681511,0.03897978,0.008797235,0.8034508,0.3162304,-0.2644575,-0.4295666,0.6335534,-0.3117963,-0.6953127,0.1339151,0.7595264,0.5097969,0.2904244,0.2808565,0.716242,-0.1249389,0.6765333,-0.1170058
0.9865146,-0.005025884,0.16356,-0.003447135,0.9991837,0.005708445,0.03898846,0.008908135,0.8032924,0.3166119,-0.2649064,-0.4293052,0.6334124,-0.3121243,-0.6953537,0.1336053,0.7592476,0.5106354,0.2902354,0.280282,0.7158455,-0.1267558,0.6771282,-0.1139985
0.9864643,-0.005129738,0.1638568,-0.003588739,0.9991918,0.00573694,0.03872939,0.009100968,0.8031515,0.3168728,-0.2652528,-0.4291622,0.6334401,-0.31218,-0.6953601,0.1333105,0.758994,0.5115314,0.2901665,0.279405,0.7156026,-0.1291779,0.6774569,-0.110807
0.9864203,-0.005197774,0.164117,-0.003706855,0.999194,0.005618691,0.03864888,0.009281212,0.8029087,0.3173248,-0.2656453,-0.4290399,0.6335361,-0.3118942,-0.6954039,0.1332951,0.7587067,0.5125028,0.2901029,0.2784695,0.7154768,-0.1325858,0.6774565,-0.107549
0.9863845,-0.005253101,0.1643277,-0.00383338,0.9991916,0.005556055,0.03866097,0.009512309,0.8026624,0.3176796,-0.2660784,-0.4289697,0.6336489,-0.311552,-0.6954802,0.1331604,0.7585245,0.5133334,0.2900784,0.2774598,0.7153829,-0.1361778,0.6772708,-0.1048211
0.9863548,-0.005286719,0.1645008,-0.0039593,0.9991926,0.005562583,0.03858086,0.009731703,0.8024939,0.3178382,-0.2664102,-0.4289617,0.6336772,-0.3113196,-0.6956184,0.132847,0.7584277,0.5139373,0.2901462,0.2765342,0.7153957,-0.1390228,0.6769781,-0.1028707
0.9863548,-0.005286719,0.1645008,-0.0039593,0.9991922,0.005527835,0.03858161,0.009795279,0.8023817,0.3179176,-0.2665696,-0.4290137,0.633685,-0.310973,-0.6958168,0.1325829,0.758437,0.5142867,0.2902192,0.2757812,0.7154252,-0.1405219,0.6767753,-0.1019592
0.9863235,-0.005242519,0.164686,-0.004148606,0.9991962,0.005519016,0.03843339,0.00996521,0.8023497,0.3178408,-0.2667513,-0.4290175,0.6338056,-0.3103857,-0.6959909,0.1324683,0.7587259,0.5141922,0.2902967,0.2750803,0.7154003,-0.1411862,0.6767532,-0.101361
0.9863132,-0.005248711,0.1647449,-0.004253214,0.9991956,0.005587766,0.0384198,0.01003951,0.8023289,0.3176771,-0.2669479,-0.4290553,0.6338106,-0.3102024,-0.696133,0.132126,0.7591609,0.5138417,0.290405,0.2744199,0.7153031,-0.1413233,0.6769269,-0.1006939
0.9863133,-0.005251936,0.1647412,-0.004358961,0.9991935,0.005569573,0.03847993,0.01003514,0.8022807,0.3176309,-0.2671281,-0.4290673,0.633693,-0.3101929,-0.6962668,0.1320082,0.7594653,0.5135202,0.2906905,0.2738767,0.7151524,-0.1414513,0.6771585,-0.1000243
0.9863223,-0.005162823,0.1646867,-0.004463206,0.9991925,0.005416798,0.0385431,0.0099712,0.8021595,0.3176491,-0.2673241,-0.4291584,0.6335326,-0.3102799,-0.6963432,0.1321701,0.7595679,0.5133524,0.2912325,0.2733306,0.7149363,-0.1413002,0.6774525,-0.09979321
0.9863262,-0.004996407,0.1646642,-0.004616566,0.999195,0.005306939,0.03850074,0.009948184,0.8020493,0.3175606,-0.267603,-0.4292561,0.6333597,-0.3102431,-0.6964117,0.1327234,0.759532,0.5133079,0.2920042,0.2726899,0.7147252,-0.1412462,0.6776773,-0.09985444
0.9863262,-0.004996407,0.1646642,-0.004616566,0.9991974,0.005404435,0.0384602,0.009809092,0.8019874,0.3174606,-0.2679421,-0.4292343,0.6332214,-0.3102971,-0.6963998,0.1333185,0.7592914,0.5134673,0.2928938,0.2721052,0.7145764,-0.1417851,0.6777105,-0.09993015
0.9863507,-0.004682773,0.1645208,-0.004827844,0.9991943,0.005039616,0.03858479,0.009827627,0.8019899,0.3173754,-0.2682331,-0.4291109,0.6331653,-0.3104522,-0.6963035,0.1337254,0.7589105,0.5137767,0.2937125,0.2717008,0.7145194,-0.1424622,0.6775994,-0.100128
0.9863743,-0.004565998,0.1643813,-0.004886317,0.9991923,0.004897442,0.03867837,0.009733405,0.8021058,0.3171921,-0.2684359,-0.4289028,0.6331882,-0.3105638,-0.6961903,0.1339473,0.758533,0.5140694,0.2944148,0.2714413,0.7145061,-0.1431503,0.6774377,-0.1003357
0.986392,-0.00449876,0.1642755,-0.00491579,0.9991911,0.004835745,0.03874495,0.00962236,0.8022782,0.3169423,-0.2686292,-0.428644,0.6332676,-0.310664,-0.6960578,0.134028,0.7582667,0.5142149,0.2948906,0.271393,0.7145459,-0.1438342,0.6772717,-0.1001948
0.986403,-0.004486634,0.1642095,-0.004927616,0.9991883,0.004845438,0.03884562,0.009504197,0.8024294,0.316798,-0.2688762,-0.4283127,0.6333326,-0.3107608,-0.6959451,0.1340814,0.7581708,0.5141594,0.2950746,0.271566,0.7145954,-0.144366,0.6771797,-0.09969752
0.9864138,-0.004496168,0.1641433,-0.00497666,0.9991845,0.004817628,0.03896845,0.009419587,0.8024861,0.3168171,-0.2695029,-0.4277983,0.6335418,-0.3112108,-0.6955266,0.1342215,0.758175,0.5140257,0.2950651,0.2718174,0.7146167,-0.1445783,0.6771853,-0.09919891
0.9864241,-0.004477559,0.1640799,-0.005030858,0.9991837,0.004758861,0.03904785,0.009209238,0.8024614,0.3170851,-0.2697668,-0.4274794,0.6335421,-0.3114352,-0.6953738,0.1344913,0.7582425,0.5137619,0.2950509,0.2721432,0.7146481,-0.1445121,0.677236,-0.09872081
0.9864287,-0.004534989,0.164049,-0.005083352,0.9991816,0.004804578,0.03907899,0.009272228,0.8024614,0.3170851,-0.2697668,-0.4274794,0.6334965,-0.3114787,-0.6954101,0.1344177,0.7583731,0.513597,0.2949179,0.2722348,0.7146564,-0.1443249,0.6773146,-0.09839424
0.9864312,-0.004598429,0.1640325,-0.005070727,0.999182,0.004850982,0.0390902,0.009155193,0.8023627,0.317342,-0.2699918,-0.4273318,0.6334826,-0.3117997,-0.6952518,0.1345581,0.758461,0.5134571,0.2948227,0.272357,0.7146829,-0.1442129,0.6773662,-0.09801074
0.9864327,-0.004603495,0.1640241,-0.005050814,0.9991807,0.004868668,0.03914886,0.009028363,0.8022512,0.3175631,-0.2701705,-0.4272642,0.6334734,-0.3120777,-0.6951265,0.1346037,0.7585952,0.5133125,0.2946791,0.2724113,0.7146774,-0.1442865,0.6774318,-0.09748732
0.9864267,-0.004591096,0.1640609,-0.005045695,0.9991766,0.004903391,0.03929879,0.008817752,0.8021531,0.3177193,-0.2702003,-0.4273133,0.6334081,-0.31225,-0.6951394,0.1344443,0.7587157,0.5131677,0.2945379,0.272501,0.7146362,-0.1445077,0.6774753,-0.09715815
0.9864134,-0.004625164,0.1641401,-0.0050284,0.9991714,0.005047253,0.03944558,0.00866878,0.8021959,0.3176361,-0.2701601,-0.4273201,0.633374,-0.3123189,-0.6952217,0.1340193,0.758911,0.5130135,0.2943363,0.2724656,0.7147179,-0.1447652,0.6773816,-0.09682854
0.9864085,-0.004716094,0.1641668,-0.005023941,0.9991719,0.005137119,0.03941824,0.008682907,0.8022428,0.3174187,-0.2699435,-0.4275304,0.6333563,-0.3121755,-0.6953667,0.1336834,0.7589931,0.513078,0.2941996,0.2722629,0.714553,-0.1448693,0.6775444,-0.09675004
0.9864134,-0.004910789,0.1641327,-0.004995985,0.9991791,0.004892803,0.03929085,0.008573477,0.8023161,0.3173824,-0.2693305,-0.4278064,0.633298,-0.3119599,-0.6956031,0.133234,0.7589585,0.5134466,0.2938919,0.2719966,0.7143624,-0.1450108,0.6777676,-0.09638105
0.9864134,-0.004910789,0.1641327,-0.004995985,0.9991584,0.005051042,0.03981905,0.008454994,0.8022983,0.317339,-0.2696434,-0.427675,0.6334155,-0.3117076,-0.6956395,0.1330746,0.7592027,0.5130851,0.2936489,0.2722596,0.7144001,-0.1449921,0.6777539,-0.09622648
0.9864154,-0.005204055,0.1641174,-0.004802307,0.9991459,0.005426845,0.04012457,0.008247134,0.8022736,0.31728,-0.269833,-0.4276454,0.63339,-0.3112536,-0.6958483,0.1331678,0.7595958,0.5128683,0.293471,0.2717629,0.7141831,-0.1453489,0.6779926,-0.09561425
0.9864154,-0.005204055,0.1641174,-0.004802307,0.9991413,0.005190058,0.04029478,0.00813734,0.802182,0.3174728,-0.2698553,-0.4276604,0.6334973,-0.3111738,-0.6957837,0.1331808,0.7595475,0.5130019,0.2935895,0.2715174,0.7140283,-0.1454083,0.6781272,-0.09572671
0.9864365,-0.005590512,0.1639811,-0.004689203,0.9991289,0.005648772,0.04056352,0.008006863,0.8021544,0.3174776,-0.2700313,-0.4275973,0.6332164,-0.3110994,-0.6960106,0.1335043,0.7595467,0.51297,0.2940037,0.2711319,0.7138566,-0.1456478,0.6782635,-0.09567796
0.9864522,-0.005795597,0.1638813,-0.004614014,0.9991223,0.005964977,0.04070963,0.007862142,0.8021919,0.3174321,-0.2701602,-0.4274793,0.6330448,-0.3113227,-0.6960211,0.1337422,0.7594281,0.5129878,0.294637,0.2707423,0.7136939,-0.1460125,0.67835,-0.09572317
0.9864721,-0.006046514,0.1637557,-0.00450182,0.9991159,0.00616155,0.04086953,0.007688107,0.8022152,0.3175045,-0.2701445,-0.4273916,0.6328643,-0.3117294,-0.6959841,0.1338422,0.7591854,0.5131586,0.2952933,0.2703843,0.7135898,-0.1462428,0.6783682,-0.09601716
0.9864793,-0.006286138,0.1637075,-0.00433576,0.9991087,0.00644606,0.04103649,0.007497731,0.8022727,0.3174904,-0.2701952,-0.4272621,0.6327021,-0.3121859,-0.6959243,0.1338562,0.7590115,0.5132508,0.2959449,0.2699847,0.7135479,-0.1464954,0.6783011,-0.0964165
0.9864784,-0.006494882,0.1637084,-0.004197282,0.9991037,0.006627201,0.04115381,0.007375373,0.8023338,0.3174514,-0.2702117,-0.4271659,0.6326709,-0.3124493,-0.6958281,0.1338886,0.7588443,0.5133514,0.2964742,0.2696829,0.7135125,-0.1467854,0.6782431,-0.09664548
0.9864745,-0.006736013,0.163725,-0.004131445,0.9990994,0.006807461,0.04122723,0.007375141,0.8024164,0.3173455,-0.2702149,-0.4270874,0.6326771,-0.3125958,-0.6957616,0.1338633,0.7586954,0.5134332,0.2968923,0.2694858,0.7135645,-0.1469663,0.6781337,-0.09675421
0.9864562,-0.007019196,0.1638246,-0.004076833,0.9990984,0.007000935,0.04120764,0.007438281,0.8024898,0.3172547,-0.2702564,-0.4269908,0.6327337,-0.3127309,-0.6956582,0.1338176,0.7586394,0.5134483,0.2971562,0.2693237,0.7136477,-0.147114,0.6780326,-0.09662464
0.9864314,-0.007325798,0.1639613,-0.004017563,0.9990974,0.007176449,0.04118806,0.007515649,0.8024754,0.3173213,-0.2703831,-0.4268881,0.6328275,-0.312875,-0.6954936,0.1338921,0.7586793,0.5133936,0.2971951,0.2692725,0.713666,-0.1472246,0.6780372,-0.09628802
0.986403,-0.007583034,0.1641221,-0.003945428,0.9990949,0.007469076,0.04118021,0.007600056,0.8024504,0.3173002,-0.2706538,-0.4267792,0.6329439,-0.3129936,-0.6953167,0.1339838,0.758864,0.5131708,0.2971385,0.2692393,0.7136668,-0.1472868,0.6780794,-0.09588894
0.9863651,-0.007820556,0.1643414,-0.003840571,0.9990861,0.00768134,0.04134903,0.007630557,0.8023436,0.31744,-0.2709739,-0.426673,0.6330429,-0.3130555,-0.6951844,0.1340581,0.7591029,0.5129044,0.2968392,0.2694037,0.7136202,-0.1474621,0.6781561,-0.09542285
0.9863263,-0.008076588,0.1645634,-0.003768242,0.999088,0.00790652,0.04123997,0.007739552,0.8023607,0.3173232,-0.270998,-0.4267123,0.6331211,-0.3130417,-0.6951311,0.1339978,0.7592024,0.5128189,0.2966701,0.2694727,0.7135575,-0.1476603,0.67824,-0.09498766
0.9862863,-0.008290042,0.1647937,-0.003695179,0.9990886,0.008025574,0.04118415,0.00784288,0.8023941,0.3172466,-0.2709757,-0.4267208,0.63316,-0.3130068,-0.6951239,0.133933,0.7592657,0.5127746,0.2964929,0.2695736,0.7134991,-0.1478887,0.6782998,-0.09464389
0.9862467,-0.008524339,0.1650199,-0.003661323,0.9990896,0.008125289,0.04111382,0.00798153,0.8024123,0.3172212,-0.2708946,-0.4267569,0.6331584,-0.3129419,-0.6951649,0.1338786,0.7592552,0.5128077,0.2963468,0.2697004,0.7134638,-0.1481297,0.6783334,-0.09429117
0.9862144,-0.00878231,0.1652006,-0.003594059,0.999088,0.008208468,0.04110933,0.008119803,0.8024077,0.3172445,-0.2707892,-0.426815,0.6331818,-0.3129282,-0.6951578,0.1338376,0.7591839,0.5129284,0.2961927,0.2698411,0.7134185,-0.1483341,0.6783693,-0.09405339
0.9861886,-0.008978059,0.1653459,-0.003518964,0.9990878,0.008265171,0.04107783,0.008241986,0.8024094,0.3172144,-0.2706657,-0.4269125,0.6331786,-0.312959,-0.6951566,0.1337869,0.7590608,0.5131028,0.2962469,0.269796,0.7133597,-0.1486394,0.6783881,-0.09388337
0.9861603,-0.009124091,0.1655086,-0.003407605,0.9990839,0.008288495,0.04115368,0.008310598,0.8023821,0.3172162,-0.270623,-0.4269896,0.6332037,-0.3129994,-0.6951293,0.1337156,0.7589974,0.5131999,0.2963214,0.2697079,0.7133175,-0.1489257,0.6783932,-0.09371164
0.9861603,-0.009124091,0.1655086,-0.003407605,0.99907,0.008210558,0.04146998,0.008485232,0.8023673,0.3172077,-0.2706818,-0.4269865,0.6332326,-0.3130849,-0.6950832,0.1336178,0.7590438,0.5131573,0.296359,0.2696174,0.713297,-0.1490679,0.6784097,-0.09352314
0.9860898,-0.009463687,0.1659162,-0.003045897,0.9990721,0.008480179,0.04138606,0.008381948,0.8023883,0.3171878,-0.2706763,-0.4269651,0.633281,-0.3131151,-0.6950535,0.1334718,0.7590954,0.5130969,0.2964109,0.2695299,0.7133044,-0.1491984,0.6784078,-0.0932711
0.9860521,-0.009726696,0.1661278,-0.002895677,0.999064,0.008595407,0.04154382,0.008450596,0.8024063,0.3172235,-0.2706809,-0.426902,0.6333616,-0.3130269,-0.6950293,0.1334221,0.7591485,0.5130388,0.2964049,0.2694971,0.713262,-0.1495381,0.6784501,-0.09274251
0.9860521,-0.009726696,0.1661278,-0.002895677,0.9990518,0.008346627,0.04184807,0.008639213,0.802394,0.3172798,-0.2706169,-0.4269237,0.6333857,-0.3129922,-0.6950325,0.1333724,0.7591004,0.513119,0.2964637,0.2694155,0.7132251,-0.1499155,0.6784699,-0.09227144
0.985987,-0.009945771,0.1665056,-0.002566335,0.9990575,0.008380201,0.04171973,0.00855858,0.8023935,0.3173483,-0.2705772,-0.426899,0.6333937,-0.3129961,-0.6950256,0.1333618,0.7590176,0.5132576,0.29656,0.2692785,0.7131838,-0.150245,0.6784912,-0.09189799
0.9859638,-0.00996228,0.1666445,-0.002431757,0.9990537,0.008105366,0.04185506,0.008626735,0.8023592,0.3174867,-0.2705644,-0.4268688,0.6334413,-0.3130117,-0.6949674,0.1334019,0.7589025,0.513422,0.2966773,0.2691607,0.7132011,-0.1505184,0.6784499,-0.09162024
0.9859385,-0.01002487,0.1667919,-0.002286066,0.9990464,0.007914949,0.04205357,0.008679487,0.8025693,0.3172987,-0.2705134,-0.4266459,0.6336057,-0.3130771,-0.6948708,0.1329705,0.7588107,0.5135153,0.2968291,0.2690741,0.7132518,-0.1506598,0.6783863,-0.09146322
0.9859033,-0.01017027,0.1669931,-0.002138231,0.9990314,0.00748304,0.04243875,0.008902982,0.8023489,0.3176305,-0.2705241,-0.4268066,0.6337523,-0.3130351,-0.6947705,0.1328941,0.7586904,0.513766,0.2966254,0.2691596,0.7133084,-0.1508729,0.6783106,-0.09123177
0.9858685,-0.01031351,0.1671918,-0.00197758,0.9990398,0.007655713,0.04223663,0.008775361,0.8023489,0.3176305,-0.2705241,-0.4268066,0.6337972,-0.3130602,-0.6946441,0.1332821,0.7585179,0.5137529,0.2972352,0.2689977,0.7133661,-0.1511557,0.6782131,-0.09103753
0.9858685,-0.01031351,0.1671918,-0.00197758,0.9990168,0.007318562,0.04278146,0.009039663,0.802526,0.3174293,-0.2703963,-0.4267043,0.633948,-0.3129488,-0.6946657,0.1327125,0.7585232,0.513791,0.2970611,0.2691027,0.7130817,-0.1514313,0.6785136,-0.09056694
0.9858086,-0.01045253,0.1675413,-0.001517461,0.9990249,0.007474652,0.04263389,0.008712907,0.8026444,0.3172595,-0.2703639,-0.4266282,0.6339741,-0.3129565,-0.6946504,0.1326506,0.7585348,0.5136911,0.2972437,0.2690587,0.7132976,-0.1516728,0.6782463,-0.09046422
0.9857334,-0.0108719,0.1679596,-0.001049818,0.9990332,0.00779712,0.04243675,0.008427758,0.8026817,0.3172285,-0.2703873,-0.4265665,0.6339986,-0.3129855,-0.6945385,0.1330501,0.7584756,0.5135805,0.2976725,0.2689629,0.7131749,-0.1520847,0.67834,-0.09003673
0.9856964,-0.01107875,0.1681646,-0.0008274191,0.9990314,0.007888603,0.04247921,0.008348681,0.8026413,0.3172529,-0.270527,-0.4265358,0.6340824,-0.3129777,-0.6944515,0.1331228,0.7584516,0.513563,0.2977651,0.2689609,0.7131131,-0.1521054,0.6783934,-0.09008998
0.9856472,-0.01129519,0.168439,-0.0005835244,0.9990332,0.007960551,0.04244627,0.008222867,0.8025422,0.3173735,-0.2707193,-0.4265105,0.634169,-0.3130327,-0.6943103,0.1333174,0.7584156,0.5135523,0.2978408,0.2689993,0.713104,-0.1522321,0.6783925,-0.08995458
0.9855974,-0.01154131,0.1687141,-0.0003596028,0.9990338,0.008109444,0.04242211,0.008127877,0.8024599,0.3174458,-0.2709447,-0.4264684,0.6342455,-0.3130936,-0.6941853,0.1334615,0.7584299,0.5134703,0.2979288,0.2690181,0.7131599,-0.1524589,0.6783239,-0.08964384
0.9855468,-0.01181778,0.1689907,-0.0001330646,0.9990247,0.00832942,0.04262159,0.007979186,0.8023912,0.3175674,-0.2712765,-0.4262961,0.6343219,-0.313112,-0.6940989,0.1335039,0.7585297,0.5132873,0.297877,0.2691434,0.7132392,-0.1526612,0.6782212,-0.08944648
0.9854969,-0.01212189,0.16926,5.82025E-05,0.999029,0.008449949,0.04251488,0.007882127,0.8024294,0.317516,-0.2712411,-0.4262849,0.6343959,-0.3130501,-0.6940653,0.1334728,0.758465,0.513342,0.2979351,0.2691571,0.7132901,-0.1529224,0.6781422,-0.08919136
0.9854442,-0.01245648,0.1695419,0.0002618549,0.9990436,0.008244343,0.04222798,0.007807548,0.8024153,0.3176192,-0.2708056,-0.4265116,0.6344372,-0.3129207,-0.6940929,0.1334359,0.7581668,0.5137548,0.2978637,0.2692886,0.7132762,-0.1530605,0.6781381,-0.08909675
0.9853886,-0.01281215,0.1698375,0.0004968998,0.9990475,0.008442673,0.04210897,0.007723093,0.80241,0.317555,-0.270696,-0.4266389,0.6344755,-0.3128844,-0.6940882,0.1333625,0.7581431,0.5138226,0.2978063,0.2692895,0.7132592,-0.1531224,0.6781586,-0.08897085
0.9853361,-0.01318583,0.170113,0.0007652093,0.9990397,0.008795703,0.04225199,0.007558271,0.8023764,0.3175682,-0.2708108,-0.4266194,0.6344786,-0.312958,-0.6940796,0.1332211,0.7582595,0.51369,0.2977001,0.2693321,0.7132361,-0.1532623,0.6781826,-0.08873225
0.9852723,-0.01351789,0.1704541,0.001004162,0.9990495,0.008657414,0.04207372,0.007418933,0.8022626,0.3178556,-0.2705305,-0.4267971,0.6344787,-0.3130993,-0.6940308,0.1331422,0.7580507,0.5139616,0.2976116,0.2694995,0.7132863,-0.1533123,0.678138,-0.0885823
0.985208,-0.01377915,0.1708042,0.0011661,0.999066,0.008365244,0.04175222,0.00734598,0.8021541,0.3181526,-0.270131,-0.4270328,0.6344894,-0.3131927,-0.6939826,0.1331227,0.7577279,0.5143675,0.2976102,0.2696345,0.7133703,-0.1533841,0.6780546,-0.08842047
0.9851478,-0.01400062,0.1711318,0.001261751,0.9990777,0.008195195,0.04150479,0.007339546,0.802085,0.3182937,-0.2698365,-0.4272434,0.6345204,-0.3132549,-0.6939369,0.1330664,0.7574943,0.5146202,0.2976748,0.2697372,0.7135163,-0.1534379,0.6779173,-0.08820143
0.9850918,-0.01420447,0.1714364,0.001372373,0.9990954,0.0079055,0.04113515,0.007336258,0.8020402,0.3184344,-0.2693685,-0.4275181,0.6345921,-0.3133056,-0.6938604,0.1330047,0.7571589,0.5150406,0.2977076,0.2698405,0.7136333,-0.1533858,0.6778225,-0.0880744
0.9850353,-0.01442592,0.1717415,0.001475797,0.999109,0.007393559,0.04090287,0.007322952,0.8019513,0.3187889,-0.2688158,-0.4277686,0.6346681,-0.3133104,-0.6938199,0.1328415,0.756771,0.5155883,0.2975923,0.2700098,0.7136771,-0.153347,0.6777987,-0.08796968
0.9849806,-0.0145681,0.1720418,0.001574209,0.9991173,0.006727329,0.04082,0.007291107,0.8018324,0.3192317,-0.2682628,-0.4280083,0.6347235,-0.3133164,-0.6938087,0.1326215,0.756367,0.5161956,0.2974342,0.2701553,0.7136554,-0.1535215,0.6777961,-0.08786138
0.9849277,-0.01464867,0.1723368,0.001689103,0.9991266,0.005889148,0.04072335,0.007274162,0.8016965,0.3196788,-0.2676183,-0.4283324,0.6347678,-0.3131912,-0.6938643,0.1324142,0.7558995,0.5169336,0.2972338,0.2702735,0.713652,-0.1537172,0.6777675,-0.08776788
0.9848924,-0.01467888,0.1725352,0.001782617,0.9991322,0.004986133,0.04071468,0.007247669,0.8015807,0.3200946,-0.2669642,-0.4286468,0.6348244,-0.3129826,-0.6939306,0.132288,0.7554073,0.5176451,0.2970778,0.270459,0.7136914,-0.1538627,0.6777026,-0.08769289
0.9848719,-0.0147048,0.1726479,0.001933684,0.9991335,0.004150827,0.04078985,0.007167792,0.801498,0.3204883,-0.2664173,-0.4288474,0.6349034,-0.3127757,-0.6939654,0.1322161,0.7549646,0.5182697,0.2969231,0.2706691,0.713784,-0.1537793,0.677633,-0.08762418
0.9848517,-0.01471849,0.1727599,0.002143561,0.9991356,0.003310821,0.04083768,0.007026287,0.8013842,0.3209051,-0.265902,-0.4290681,0.6349817,-0.312629,-0.6939599,0.1322164,0.7545353,0.5188902,0.2967806,0.2708336,0.7138267,-0.1536862,0.6776198,-0.08754116
0.9848374,-0.01474419,0.1728362,0.002380778,0.9991302,0.002655978,0.04104801,0.006845756,0.8012445,0.3212815,-0.2655908,-0.42924,0.6350502,-0.3125916,-0.6939201,0.1321835,0.7542063,0.5193758,0.2966257,0.2709887,0.7138509,-0.153561,0.6776232,-0.08753712
0.98483,-0.01481104,0.1728702,0.00257781,0.9991149,0.002029173,0.04148304,0.006670915,0.8010612,0.3217536,-0.2653884,-0.4293538,0.6351354,-0.3126167,-0.6938457,0.1321058,0.7538942,0.5198314,0.2964439,0.2711826,0.7138884,-0.1536935,0.677573,-0.08738667
0.9848199,-0.01494526,0.1729133,0.002699506,0.9991104,0.001437755,0.0416287,0.00659063,0.800976,0.3220568,-0.2649484,-0.4295571,0.6352288,-0.3125752,-0.6937957,0.1320184,0.753404,0.5204716,0.2964821,0.271275,0.7140124,-0.1538597,0.6774158,-0.0872998
0.9848092,-0.0150371,0.172965,0.002821563,0.9991035,0.0007867746,0.04182618,0.006495278,0.8008727,0.3224486,-0.2645212,-0.4297187,0.6353162,-0.3124588,-0.6937809,0.1319508,0.7529137,0.5211227,0.2964915,0.2713762,0.7141324,-0.1541191,0.677241,-0.08721811
0.9848051,-0.01506027,0.1729842,0.002932682,0.9990969,0.0003026695,0.04200288,0.00640322,0.8007784,0.3226871,-0.2642013,-0.4299123,0.6354066,-0.3122903,-0.6937758,0.1319413,0.7525681,0.5215974,0.2965523,0.2713562,0.7142633,-0.1542919,0.6770796,-0.08709385
0.9847962,-0.01513916,0.1730259,0.003062099,0.9990937,-7.768773E-05,0.04209768,0.006302983,0.8006807,0.322933,-0.2638538,-0.4301231,0.6354507,-0.3122182,-0.6937593,0.1319864,0.7522485,0.5220364,0.2965801,0.2713678,0.714353,-0.1542884,0.676997,-0.08700633
0.9847873,-0.01521883,0.1730669,0.00318606,0.999092,-0.0005735032,0.04213545,0.006270595,0.8005416,0.323229,-0.2634275,-0.4304209,0.6354904,-0.3122755,-0.6937109,0.1319138,0.7519042,0.5225488,0.2965434,0.271376,0.7144887,-0.1543163,0.6768786,-0.08676314
