0.9998716,0.01223066,-0.01006992,0.002448313,0.9980274,0.02868108,-0.05493869,0.01001883,0.7953393,-0.2515551,0.2120885,-0.5090907,0.4742748,0.4920624,0.5964776,-0.420895,0.7224092,-0.503365,-0.3302288,0.3401433,0.3775804,0.1005382,-0.712548,0.5827525
0.9998722,0.01229157,-0.009928193,0.002421444,0.9980401,0.02844568,-0.05484666,0.009917445,0.7952104,-0.251422,0.212386,-0.5092339,0.4740608,0.4930276,0.5961848,-0.4204211,0.7222831,-0.5035626,-0.330587,0.3397704,0.3774588,0.1006193,-0.7124131,0.5829821
0.9998729,0.01235356,-0.009802858,0.002370408,0.9980525,0.02806306,-0.05483908,0.009810519,0.795073,-0.2512735,0.2126376,-0.5094167,0.4739618,0.4939454,0.5958305,-0.4199573,0.7219999,-0.5038972,-0.3310157,0.3394589,0.3775021,0.1005953,-0.7121184,0.5833184
0.9998739,0.01237015,-0.009694409,0.002279954,0.9980659,0.0276409,-0.05482492,0.009724752,0.7949682,-0.2510655,0.212852,-0.5095931,0.4739504,0.4946281,0.5955886,-0.4195094,0.7216468,-0.5042994,-0.331378,0.339259,0.3775524,0.1006182,-0.7117382,0.5837455
0.9998752,0.01237809,-0.009570519,0.002191088,0.9980804,0.02715456,-0.05481448,0.009661085,0.7948577,-0.2508596,0.2130273,-0.5097938,0.4739287,0.4952126,0.5953524,-0.4191796,0.721292,-0.5046826,-0.3316081,0.3392186,0.3774934,0.1007038,-0.7112123,0.5844098
0.9998762,0.01230905,-0.00957365,0.002115898,0.9980873,0.02672358,-0.05492363,0.009530357,0.7947281,-0.2505023,0.2131987,-0.5100996,0.4738014,0.4958961,0.5949926,-0.4190263,0.7210431,-0.5050173,-0.3315858,0.3392717,0.3772797,0.1007481,-0.7106767,0.585191
0.9998773,0.01218221,-0.009614152,0.002120147,0.9980978,0.0262131,-0.05501424,0.009320735,0.7946911,-0.2503012,0.2131446,-0.5102786,0.4735779,0.4965512,0.5946622,-0.4189721,0.7209278,-0.505245,-0.3313098,0.3394473,0.3770257,0.1007693,-0.7100601,0.5860989
0.9998783,0.01209212,-0.009631289,0.002109431,0.9980978,0.0262131,-0.05501424,0.009320735,0.7946911,-0.2503012,0.2131446,-0.5102786,0.4733103,0.4970663,0.5944636,-0.4189456,0.7208775,-0.5053911,-0.3309214,0.3397153,0.3767668,0.1006201,-0.7094652,0.5870107
0.9998791,0.01203832,-0.009627066,0.002077145,0.9981003,0.02610287,-0.05502968,0.009266386,0.7946781,-0.2500652,0.2130619,-0.5104492,0.4731351,0.4973668,0.5943829,-0.4189014,0.7207927,-0.5055568,-0.3305521,0.340008,0.3765549,0.1003048,-0.7092539,0.5874557
0.9998791,0.01203832,-0.009627066,0.002077145,0.9981077,0.02584348,-0.05502789,0.009214336,0.794634,-0.2496454,0.2129447,-0.510772,0.4730294,0.4974066,0.5944578,-0.4188672,0.7206473,-0.5058035,-0.3302881,0.3402058,0.3765549,0.1003048,-0.7092539,0.5874557
0.9998806,0.0117098,-0.009888624,0.002010757,0.9980988,0.02560335,-0.05531375,0.009141332,0.7945721,-0.2495292,0.2129751,-0.5109126,0.4729252,0.4971612,0.5946797,-0.4189614,0.7201833,-0.506407,-0.3301823,0.3403932,0.3760424,0.09888439,-0.7095053,0.5877213
0.9998793,0.01171668,-0.01001225,0.001980617,0.9981058,0.02542073,-0.0552787,0.009097039,0.7944859,-0.2495111,0.21303,-0.5110323,0.4727652,0.4972338,0.594578,-0.4192,0.7199801,-0.5066811,-0.3302333,0.3403657,0.37591,0.09849484,-0.709525,0.5878475
0.9998784,0.01174006,-0.01009046,0.001894173,0.9981104,0.02569711,-0.05506535,0.009107087,0.794348,-0.2496328,0.2131661,-0.5111308,0.472591,0.4973604,0.5944267,-0.4194607,0.7198859,-0.5068561,-0.3302532,0.3402851,0.3757955,0.09818229,-0.7094658,0.5880445
0.9998776,0.01176823,-0.01015589,0.001827752,0.9981155,0.02561409,-0.05501051,0.009111623,0.7942562,-0.2497463,0.2132538,-0.5111812,0.4724964,0.4973588,0.5944057,-0.4195988,0.7198658,-0.506946,-0.3302301,0.3402161,0.3757103,0.09789769,-0.7094179,0.5882043
0.9998776,0.01176823,-0.01015589,0.001827752,0.9981085,0.02494884,-0.05546294,0.008981788,0.7942287,-0.2497822,0.2132732,-0.5111983,0.4724765,0.4972273,0.594547,-0.4195769,0.7199302,-0.50695,-0.3302283,0.3400755,0.3757078,0.09767508,-0.7094727,0.5881767
0.9998775,0.01172775,-0.01020532,0.001828852,0.9980989,0.02493635,-0.05566198,0.008856362,0.7942399,-0.2497571,0.2132239,-0.5112137,0.4724436,0.4972085,0.5945867,-0.41958,0.72,-0.506936,-0.3303085,0.3398708,0.3757504,0.09751032,-0.7095589,0.5880727
0.9998774,0.01177006,-0.01017836,0.001791479,0.9980891,0.02503476,-0.05581541,0.008719604,0.7942488,-0.2497274,0.2131785,-0.5112333,0.4723931,0.4973046,0.5944881,-0.4196627,0.7200426,-0.5069073,-0.330475,0.3396612,0.3757838,0.09741237,-0.7096075,0.5880089
0.9998775,0.01184358,-0.01009052,0.001718731,0.9980999,0.02455021,-0.05585449,0.008596707,0.7943012,-0.2496123,0.2130429,-0.5112646,0.4723674,0.4974882,0.5943342,-0.419692,0.720126,-0.5067976,-0.3305936,0.3395327,0.375781,0.09735556,-0.7096663,0.5879494
0.9998778,0.01190227,-0.009997669,0.001703383,0.9981164,0.02415719,-0.05574769,0.008492961,0.7943694,-0.2494765,0.2128855,-0.5112906,0.4723571,0.4977334,0.5940914,-0.4197566,0.7202308,-0.5066568,-0.3307178,0.3394,0.3757542,0.09734699,-0.7098222,0.5877795
0.9998776,0.01199464,-0.009903114,0.001697412,0.9981295,0.02387189,-0.05565355,0.008374659,0.7944224,-0.2493408,0.2127468,-0.5113322,0.4724193,0.4979528,0.5938197,-0.4198108,0.7203479,-0.5065343,-0.3308956,0.3391602,0.3756852,0.09729619,-0.7100747,0.5875272
0.9998779,0.012005,-0.009865377,0.001701589,0.9981288,0.02361144,-0.05579556,0.008252732,0.7944304,-0.2492254,0.2126447,-0.5114185,0.4724751,0.4981838,0.5935783,-0.4198153,0.7203967,-0.5064852,-0.3311923,0.3388404,0.3756064,0.0972769,-0.7103935,0.5871952
0.9998792,0.01192917,-0.009832869,0.001619381,0.9981274,0.02342911,-0.05590857,0.008178196,0.7944263,-0.2490673,0.2125812,-0.5115282,0.4725285,0.4983861,0.5933884,-0.4197834,0.7203763,-0.5064955,-0.3315239,0.3385441,0.3755367,0.09724063,-0.7107222,0.5868478
0.9998801,0.01189142,-0.009794259,0.001550977,0.9981251,0.0233627,-0.05598091,0.008153614,0.7943882,-0.2489394,0.212595,-0.5116439,0.4725335,0.4985603,0.5932865,-0.4197154,0.7203552,-0.50647,-0.3318495,0.338308,0.3754821,0.09719665,-0.7109988,0.5865551
0.9998803,0.01190606,-0.009769964,0.001515125,0.998125,0.02333558,-0.05599773,0.008133507,0.7943497,-0.2488579,0.2127038,-0.511698,0.4724846,0.4986805,0.5933184,-0.4195822,0.7203482,-0.5063922,-0.332107,0.3381866,0.3754095,0.09718303,-0.7111351,0.5864385
0.9998803,0.011934,-0.009744812,0.001480217,0.9981253,0.02333659,-0.05599273,0.00812606,0.7942978,-0.2488082,0.2128712,-0.5117333,0.4724277,0.4987314,0.5934516,-0.4193973,0.7203755,-0.5062798,-0.3321849,0.3382204,0.3753408,0.09721601,-0.7111569,0.5864506
0.9998797,0.01194841,-0.009778771,0.001480746,0.9981235,0.02332987,-0.05602452,0.008138457,0.7942753,-0.2486787,0.2129853,-0.5117836,0.4723324,0.4987552,0.5936505,-0.4191951,0.7204012,-0.5061891,-0.3321946,0.3382918,0.375297,0.0972895,-0.7112263,0.5863823
0.9998783,0.01199101,-0.00986805,0.001485369,0.9981123,0.02321621,-0.05627423,0.00811329,0.7943006,-0.2484896,0.2130436,-0.5118119,0.4722729,0.4987519,0.593868,-0.4189579,0.720391,-0.5061418,-0.3322188,0.3383606,0.3752579,0.09741076,-0.7113124,0.5862828
0.9998775,0.01201197,-0.00992974,0.001484098,0.9981173,0.02309468,-0.05623558,0.008121186,0.7943699,-0.248254,0.2131145,-0.5117891,0.4722202,0.498723,0.5941222,-0.418691,0.7203214,-0.5061237,-0.3323036,0.3384525,0.3752248,0.09758804,-0.7113346,0.5862474
0.9998769,0.01201597,-0.009978644,0.001470253,0.998119,0.02301629,-0.0562373,0.008123021,0.7944189,-0.2480531,0.2132269,-0.5117636,0.4721795,0.4987908,0.5942572,-0.4184645,0.7202357,-0.5060735,-0.3324129,0.3386027,0.3751892,0.0977914,-0.7112954,0.586284
0.9998769,0.01201597,-0.009978644,0.001470253,0.9981174,0.02303124,-0.0562573,0.008138687,0.7944632,-0.2479233,0.2133148,-0.5117211,0.4721147,0.4989358,0.5942852,-0.4183249,0.7201962,-0.5059962,-0.332468,0.3387481,0.3751816,0.09801203,-0.7111977,0.5863705
0.9998757,0.01198729,-0.01012938,0.00153153,0.9981234,0.0229444,-0.05618339,0.008152334,0.794497,-0.24782,0.2133851,-0.5116895,0.4721194,0.499072,0.5942733,-0.4181742,0.720197,-0.5058525,-0.3324664,0.3389626,0.3751639,0.09822077,-0.7111648,0.5863867
0.9998748,0.0120135,-0.01019497,0.001489969,0.9981322,0.02289084,-0.0560447,0.008189571,0.7945594,-0.2477142,0.2134311,-0.5116245,0.472169,0.4991466,0.5942716,-0.4180315,0.7202098,-0.5057087,-0.3324327,0.3391826,0.375126,0.09839134,-0.7111823,0.5863612
0.9998744,0.01202762,-0.01022215,0.001436864,0.9981372,0.02280216,-0.05598784,0.008201973,0.7947007,-0.247538,0.2135054,-0.5114594,0.4722296,0.4991784,0.594277,-0.4179173,0.7202187,-0.5055868,-0.3324543,0.3393243,0.3750582,0.09853031,-0.7112852,0.5862564
0.9998744,0.01203971,-0.01022188,0.001391347,0.9981388,0.02275295,-0.05597803,0.008218494,0.7947734,-0.2474499,0.2135136,-0.5113856,0.4722667,0.4992186,0.5942444,-0.4178739,0.7202151,-0.50551,-0.3325773,0.3393258,0.374961,0.09868443,-0.7113786,0.5861793
0.9998741,0.01207305,-0.01021531,0.001367313,0.9981363,0.02276993,-0.05601413,0.008224677,0.7947734,-0.2474499,0.2135136,-0.5113856,0.472281,0.4992562,0.5942223,-0.4178441,0.7202118,-0.5054547,-0.3326866,0.339308,0.374887,0.09879749,-0.71145,0.5861208
0.9998737,0.01210439,-0.01021334,0.001349934,0.9981317,0.02287905,-0.05605137,0.008231586,0.7948311,-0.2473751,0.2135512,-0.5113164,0.4722832,0.4992654,0.5942577,-0.4177803,0.7202497,-0.5053566,-0.3327668,0.3392953,0.3748628,0.09888932,-0.7114994,0.5860609
0.9998741,0.012095,-0.01019114,0.001323223,0.9981267,0.02296191,-0.05610518,0.008234619,0.7949551,-0.2472307,0.2136708,-0.5111436,0.4722656,0.4992084,0.5943881,-0.417683,0.7203331,-0.5052138,-0.3327857,0.3393123,0.3748726,0.09890627,-0.7115263,0.5860193
0.9998745,0.01209923,-0.01014346,0.001297528,0.998123,0.02296089,-0.05616951,0.008240705,0.7949998,-0.2471206,0.2137392,-0.5110986,0.4722645,0.4991219,0.5945839,-0.4175088,0.7204237,-0.5050672,-0.3327795,0.3393441,0.3749021,0.09889925,-0.7115621,0.5859581
0.9998748,0.01208644,-0.01013621,0.001252471,0.998123,0.02296089,-0.05616951,0.008240705,0.7950529,-0.2469666,0.2137477,-0.5110869,0.4722527,0.4990636,0.5947315,-0.4173813,0.7204918,-0.504966,-0.332825,0.3393055,0.3749143,0.09891471,-0.7116213,0.5858757
0.9998754,0.01208787,-0.01009327,0.001198831,0.9981219,0.02295562,-0.05619416,0.008234175,0.7950921,-0.2467822,0.2136995,-0.5111353,0.4722582,0.499046,0.5947853,-0.4173197,0.7205434,-0.5049006,-0.3328703,0.3392491,0.3749276,0.09902085,-0.7116104,0.5858625
0.9998758,0.01206671,-0.01007035,0.001190206,0.9981233,0.02290168,-0.05619101,0.008230996,0.7951251,-0.2466165,0.2136544,-0.5111825,0.4722702,0.4990864,0.5947519,-0.4173054,0.7205741,-0.5048366,-0.3329511,0.3391995,0.3749276,0.09902085,-0.7116104,0.5858625
0.9998771,0.01203139,-0.009990218,0.001133798,0.9981259,0.02282818,-0.05617405,0.008229404,0.7951303,-0.2464729,0.2136142,-0.5112607,0.4723079,0.4992659,0.5945995,-0.4172651,0.7206423,-0.5046554,-0.3330592,0.3392183,0.3750557,0.09904909,-0.7116085,0.5857781
0.9998771,0.01203139,-0.009990218,0.001133798,0.9981293,0.02273167,-0.05615535,0.008215018,0.7951131,-0.2464128,0.2136141,-0.5113164,0.4722645,0.4993475,0.5945975,-0.4172194,0.7206826,-0.5045421,-0.3330961,0.339265,0.3750861,0.09908082,-0.7116506,0.5857021
0.9998766,0.01213312,-0.009923459,0.001099021,0.9981365,0.02259285,-0.05608604,0.00821548,0.7950567,-0.2463879,0.2136613,-0.5113965,0.4722183,0.4993982,0.5946161,-0.4171847,0.720718,-0.5044799,-0.3330633,0.3393145,0.3750768,0.09918116,-0.7117013,0.5856293
0.9998761,0.01217615,-0.009917088,0.001105201,0.9981434,0.02247318,-0.05601022,0.008198846,0.7950077,-0.2463796,0.2137061,-0.5114579,0.4721547,0.4994459,0.5946429,-0.4171614,0.7207562,-0.5044117,-0.333019,0.3393782,0.3750747,0.09932315,-0.7116851,0.5856264
0.9998763,0.01215232,-0.009930644,0.001118521,0.9981433,0.02241732,-0.05603591,0.008196768,0.7949867,-0.2463493,0.213746,-0.5114883,0.4721347,0.4994265,0.5946937,-0.4171347,0.7207745,-0.5043636,-0.3330233,0.3394067,0.3751066,0.09944088,-0.7116385,0.5856426
0.9998761,0.01211593,-0.009984544,0.001105351,0.9981456,0.02237898,-0.05600736,0.008223303,0.7949659,-0.2463152,0.213825,-0.5115041,0.4721061,0.499389,0.5947567,-0.4171222,0.7207625,-0.5043476,-0.3330298,0.3394497,0.3751889,0.09950305,-0.7115781,0.5856526
0.999876,0.01206221,-0.01005434,0.001125682,0.9981406,0.02230999,-0.05612234,0.008230004,0.7949377,-0.246311,0.2139311,-0.5115057,0.4720856,0.499331,0.5948467,-0.4170864,0.7207785,-0.504306,-0.3330219,0.3394851,0.3752575,0.09954018,-0.711495,0.5857035
0.9998769,0.01199966,-0.01005551,0.001090397,0.9981361,0.02224198,-0.05623268,0.008208597,0.7949023,-0.2463032,0.2140502,-0.5115146,0.4720451,0.4992892,0.5949317,-0.417061,0.7208202,-0.5042571,-0.3329894,0.339501,0.3753154,0.09957232,-0.7114676,0.5856941
0.999877,0.01198944,-0.01005962,0.001023339,0.998139,0.02241119,-0.05611581,0.008195974,0.7948802,-0.2462932,0.2141638,-0.5115062,0.4719831,0.4992972,0.5949984,-0.4170266,0.7208814,-0.5042138,-0.3329313,0.3394924,0.3753309,0.09959576,-0.711457,0.5856931
0.9998768,0.0119671,-0.01011563,0.0009661077,0.9981548,0.02262446,-0.05573797,0.008260108,0.7948787,-0.2462679,0.2142871,-0.5114691,0.4719615,0.4992847,0.5950995,-0.4169216,0.7209228,-0.5042056,-0.332867,0.3394798,0.3753309,0.09959576,-0.711457,0.5856931
0.9998761,0.01196978,-0.01018062,0.0009403334,0.9981422,0.02241001,-0.05605844,0.008201685,0.7948667,-0.2462458,0.2143806,-0.5114592,0.4719575,0.4992606,0.5951892,-0.416827,0.7209685,-0.504179,-0.3328242,0.3394641,0.375338,0.09956842,-0.7113395,0.585836
0.9998754,0.01195977,-0.01026563,0.0009356249,0.9981386,0.02225097,-0.05619547,0.00813713,0.7948742,-0.2462195,0.2144371,-0.5114365,0.4719725,0.499262,0.5952146,-0.416772,0.7209929,-0.5041764,-0.3328473,0.3393935,0.3753665,0.09949979,-0.7113742,0.5857872
0.9998752,0.01191145,-0.01033643,0.0009206483,0.9981314,0.0224828,-0.0562423,0.008058315,0.7948828,-0.2461459,0.2144466,-0.5114545,0.4719732,0.499265,0.5952644,-0.4166966,0.7209942,-0.5042074,-0.3328952,0.3392979,0.375413,0.0994072,-0.7114496,0.5856815
0.9998751,0.01188211,-0.01039866,0.0008468585,0.9981373,0.02238199,-0.0561867,0.007983455,0.7948906,-0.2460836,0.2144093,-0.5114881,0.4719679,0.4993348,0.5952266,-0.4166729,0.7209777,-0.5042176,-0.3329057,0.3393072,0.3754289,0.09931768,-0.7115275,0.5855919
0.9998751,0.01184125,-0.01044044,0.0007620073,0.998146,0.02205222,-0.05617826,0.007879251,0.7948903,-0.2460422,0.214349,-0.5115337,0.4719914,0.4994455,0.5951205,-0.4166651,0.7209557,-0.5042331,-0.3328907,0.3393457,0.3753995,0.0992485,-0.7115363,0.5856118
0.9998751,0.01184125,-0.01044044,0.0007620073,0.998156,0.02182682,-0.05610312,0.007778191,0.7948431,-0.2460931,0.2143361,-0.5115879,0.4720051,0.4995779,0.5949354,-0.4167553,0.7209427,-0.5042631,-0.3329108,0.339309,0.3753538,0.0991682,-0.7116071,0.5855685
0.9998763,0.01175477,-0.01042158,0.0007753656,0.9981546,0.02166504,-0.05620836,0.00763658,0.7947693,-0.246208,0.2143695,-0.5116333,0.4720745,0.4996895,0.594724,-0.4168444,0.7209188,-0.5043364,-0.3330307,0.339133,0.3752962,0.09905148,-0.7117398,0.5854639
0.9998766,0.01175997,-0.0103964,0.0007908277,0.998153,0.02145992,-0.05632988,0.007538482,0.7946726,-0.2463103,0.2143846,-0.511728,0.4721169,0.4997855,0.5945865,-0.4168776,0.7208024,-0.504485,-0.3332903,0.3389048,0.3752728,0.09891313,-0.7119309,0.5852699
0.9998765,0.01179135,-0.01036308,0.0007758653,0.9981512,0.02137429,-0.05640638,0.007448519,0.7945688,-0.2463557,0.2143476,-0.5118827,0.4721344,0.4998749,0.5944981,-0.4168766,0.7206863,-0.5046301,-0.3335639,0.3386663,0.3752593,0.09876265,-0.7120662,0.5851395
0.9998766,0.01181784,-0.010324,0.0007407887,0.998154,0.02125953,-0.05641121,0.007377222,0.7945325,-0.2463402,0.2142976,-0.5119675,0.4721416,0.499956,0.5944211,-0.4168809,0.7206284,-0.5047162,-0.3337307,0.3384967,0.3752782,0.09857194,-0.7121167,0.5850981
0.9998769,0.01181365,-0.01030597,0.0007166778,0.9981599,0.02114995,-0.0563551,0.007297925,0.7945491,-0.2462772,0.2141934,-0.5120157,0.4721662,0.4999489,0.5944142,-0.4168717,0.7206658,-0.5047005,-0.3337999,0.338372,0.3752882,0.09840598,-0.7121072,0.5851313
0.9998774,0.01180645,-0.01026075,0.0007173952,0.9981632,0.02103954,-0.05634743,0.007228401,0.7946012,-0.2461154,0.2140327,-0.5120797,0.472208,0.4999203,0.5944062,-0.4168699,0.7207554,-0.5046462,-0.3337629,0.3382989,0.3753103,0.09826279,-0.7121453,0.5850947
0.9998776,0.0118241,-0.01021897,0.0006719799,0.9981614,0.02084676,-0.05645825,0.007175624,0.7946372,-0.2459147,0.2138583,-0.5121933,0.4722573,0.4999475,0.5943223,-0.4169011,0.7208235,-0.5046301,-0.3337297,0.3382109,0.375403,0.0980882,-0.712226,0.5849664
0.999878,0.01185173,-0.01016314,0.0006269854,0.9981591,0.02048118,-0.05664071,0.00711061,0.7946432,-0.2457378,0.2136626,-0.5123504,0.4722955,0.5000351,0.5941836,-0.4169506,0.7208661,-0.5046045,-0.333728,0.3381595,0.3755281,0.09790729,-0.7122769,0.5848542
0.999878,0.01185173,-0.01016314,0.0006269854,0.998167,0.02018319,-0.0566167,0.00704321,0.7946306,-0.2456406,0.2135593,-0.5124595,0.4723521,0.5000947,0.5940776,-0.4169659,0.7209032,-0.5045442,-0.3337277,0.338171,0.3756631,0.09774881,-0.7121891,0.584901
0.9998798,0.01175676,-0.01009582,0.0005944961,0.9981671,0.02007358,-0.05666453,0.006965924,0.7945721,-0.2456113,0.2135393,-0.5125727,0.4723995,0.5001252,0.5940172,-0.4169616,0.7209225,-0.5045182,-0.3337129,0.3381831,0.3757761,0.09765259,-0.7120597,0.5850019
0.9998809,0.01171532,-0.01003372,0.0006174422,0.9981725,0.0198691,-0.05664784,0.006898254,0.7944953,-0.2455893,0.2135468,-0.5126989,0.4724373,0.5001347,0.5939868,-0.4169508,0.7209779,-0.5044667,-0.3336252,0.3382283,0.3758612,0.09758314,-0.7119772,0.5850592
0.999882,0.01165678,-0.009989241,0.0006158252,0.9981814,0.01971601,-0.05655298,0.006833725,0.7944953,-0.2455893,0.2135468,-0.5126989,0.4724361,0.5001727,0.5939453,-0.4169657,0.721009,-0.5044182,-0.3335672,0.3382916,0.3759458,0.09750812,-0.7120151,0.5849714
0.9998836,0.01156564,-0.009938853,0.0005893798,0.9981862,0.01958408,-0.05652467,0.006760159,0.7945047,-0.2454163,0.2134475,-0.5128087,0.4724556,0.5001985,0.5938962,-0.4169825,0.7210084,-0.5044249,-0.3335977,0.338253,0.3759803,0.09743698,-0.7120935,0.5848655
0.9998847,0.01147512,-0.009935645,0.0005790362,0.9981873,0.01941257,-0.05657635,0.006643497,0.7945353,-0.2453097,0.2134022,-0.5128313,0.4724655,0.5002232,0.593867,-0.4169835,0.7210018,-0.5044032,-0.3337007,0.3381973,0.3759748,0.09737943,-0.7122501,0.5846881
0.9998856,0.01137491,-0.009961687,0.0005852021,0.9981847,0.01938905,-0.05663846,0.006575172,0.7945388,-0.2452371,0.213421,-0.5128527,0.4724893,0.5002297,0.5938801,-0.4169298,0.7209998,-0.5043718,-0.3337936,0.3381568,0.3759748,0.09737943,-0.7122501,0.5846881
0.9998859,0.01130761,-0.009995657,0.0005597958,0.9981803,0.01938086,-0.05672263,0.006533728,0.7945202,-0.2451975,0.2134944,-0.5128698,0.4725329,0.5002576,0.5938779,-0.41685,0.7210318,-0.5043076,-0.3338337,0.3381446,0.3759481,0.09741773,-0.7124481,0.5844577
0.9998865,0.01120985,-0.01006409,0.0004899449,0.9981764,0.01933466,-0.0568121,0.006504139,0.7944933,-0.2451785,0.2136157,-0.5128702,0.4725807,0.5002456,0.5939111,-0.4167631,0.7211176,-0.5041493,-0.3339337,0.338099,0.3759524,0.09745069,-0.7124966,0.5843902
0.999886,0.01113416,-0.01020035,0.0003584673,0.9981717,0.01933582,-0.05689382,0.006494645,0.7944533,-0.2451942,0.2138047,-0.5128458,0.4727288,0.5000999,0.5941257,-0.4164639,0.7211307,-0.5040622,-0.334022,0.3381141,0.3759784,0.09750096,-0.7124974,0.5843642
0.9998845,0.01115141,-0.01032247,0.0003440901,0.9981678,0.01935931,-0.05695441,0.006501581,0.7944248,-0.2452098,0.2139621,-0.5128168,0.472838,0.5000031,0.5942564,-0.4162697,0.7211328,-0.5039726,-0.3341072,0.3381588,0.3759596,0.09761061,-0.7125173,0.5843336
0.9998834,0.01113566,-0.01044201,0.0003629071,0.9981645,0.01936441,-0.05700991,0.006493559,0.7944362,-0.2451929,0.2140815,-0.5127574,0.4729101,0.4999477,0.5943131,-0.4161734,0.7210981,-0.5038703,-0.3342683,0.338226,0.3759308,0.09771527,-0.7126235,0.5842051
0.9998823,0.0111193,-0.01056612,0.000359709,0.9981627,0.01938015,-0.05704005,0.006466792,0.7944766,-0.2451104,0.21411,-0.5127226,0.4729452,0.499984,0.5943097,-0.4160946,0.7210346,-0.5037847,-0.3344932,0.3382666,0.3758661,0.0978538,-0.712738,0.5840837
0.9998809,0.01114407,-0.01067145,0.0003409171,0.9981568,0.01938655,-0.0571461,0.006432669,0.7944933,-0.245046,0.2141248,-0.5127214,0.4729584,0.500048,0.5943253,-0.4159805,0.7209355,-0.5037187,-0.3347539,0.3383183,0.375723,0.09800361,-0.7128327,0.5840353
0.9998795,0.01117984,-0.01076707,0.0003180316,0.9981513,0.01937109,-0.05725004,0.006406953,0.7944633,-0.2450403,0.2141729,-0.5127503,0.4730129,0.5001367,0.5943159,-0.4158252,0.7208143,-0.5036868,-0.3350317,0.3383489,0.3755099,0.09817193,-0.7129903,0.5839515
0.9998788,0.01119951,-0.01080767,0.0003074991,0.998144,0.01940065,-0.05736838,0.006395962,0.7944633,-0.2450043,0.2142017,-0.5127554,0.4730816,0.500281,0.5942534,-0.4156627,0.7207145,-0.5036404,-0.3352892,0.3383756,0.3752555,0.09832902,-0.7132087,0.583822
0.9998785,0.01119104,-0.01084412,0.0002549713,0.9981364,0.01945932,-0.05747965,0.006408511,0.7945029,-0.244876,0.214157,-0.5127741,0.4731911,0.5004621,0.5941061,-0.4155306,0.7206495,-0.5035453,-0.3355264,0.3384203,0.3750229,0.09843737,-0.7134842,0.5836166
0.9998776,0.01126625,-0.01085764,0.0002138248,0.998127,0.01954162,-0.05760745,0.00646051,0.794563,-0.244683,0.2140175,-0.5128314,0.4732952,0.5006717,0.5939333,-0.4154068,0.720593,-0.5034487,-0.3357367,0.3384759,0.3748031,0.09850378,-0.7137989,0.5833615
0.9998765,0.01134508,-0.01087545,0.0002023171,0.9981179,0.0196714,-0.05771502,0.006526834,0.7946654,-0.244422,0.2137816,-0.5128956,0.4734029,0.5008739,0.5937812,-0.4152578,0.7205213,-0.5033744,-0.3360025,0.3384751,0.3745498,0.09854599,-0.7140564,0.5832021
0.9998757,0.01138765,-0.01090356,0.0002200653,0.9981082,0.01980652,-0.05782883,0.006587956,0.7947885,-0.2441561,0.2134863,-0.5129546,0.4735652,0.5010219,0.5936423,-0.4150926,0.7204459,-0.5033259,-0.3362643,0.3384481,0.3743231,0.09854659,-0.7143427,0.582997
0.9998749,0.01142532,-0.01094307,0.0002197534,0.998081,0.02002377,-0.05822111,0.006609565,0.794939,-0.2438782,0.2131875,-0.5129775,0.4737168,0.5011631,0.5935016,-0.4149502,0.7203677,-0.5033028,-0.3365588,0.338356,0.3740945,0.09849598,-0.714667,0.5827547
0.9998736,0.01147369,-0.01101195,0.0002316922,0.998071,0.02047795,-0.05822905,0.006654174,0.795091,-0.243619,0.212918,-0.5129772,0.4739184,0.5012658,0.5933204,-0.414855,0.7202725,-0.5032647,-0.3369243,0.3382515,0.3739029,0.0984114,-0.7151057,0.5823535
0.9998728,0.01146918,-0.01108658,0.0002463879,0.9980624,0.02131104,-0.05805999,0.006787232,0.7952011,-0.2434241,0.2127134,-0.5129839,0.4741999,0.501342,0.5930861,-0.4147765,0.7201713,-0.5031899,-0.3373746,0.3381293,0.3736855,0.09832455,-0.7155732,0.5819334
0.999872,0.01148429,-0.01114033,0.0002141261,0.9980488,0.02170797,-0.05813373,0.006903514,0.7952973,-0.243248,0.2125566,-0.5129832,0.4745467,0.5014786,0.5927153,-0.4147448,0.7200668,-0.5030681,-0.337933,0.3379754,0.37339,0.09824888,-0.7161036,0.5814834
0.99987,0.01154818,-0.01125247,0.0002327713,0.9980242,0.0219866,-0.05844377,0.006961237,0.7953952,-0.2431074,0.2124006,-0.5129629,0.4749441,0.5015795,0.5923411,-0.4147025,0.7199107,-0.5029695,-0.3385648,0.3378223,0.3729283,0.09828094,-0.7167575,0.5809682
0.9998682,0.0115855,-0.01137555,0.0002009517,0.9980016,0.02273786,-0.05853616,0.006999483,0.7955017,-0.2429489,0.212206,-0.5129531,0.4754567,0.5015997,0.5920542,-0.4145002,0.7196723,-0.5029909,-0.3392818,0.3375792,0.372253,0.098405,-0.7179536,0.5799024
0.9998669,0.01164128,-0.01143256,0.0001655345,0.9979891,0.02347887,-0.05845154,0.007051798,0.7955735,-0.2428154,0.2119993,-0.5129905,0.476017,0.5014675,0.5918849,-0.4142589,0.7193837,-0.5030599,-0.3400697,0.3372986,0.3713907,0.0986084,-0.7200527,0.5778144
0.9998669,0.01164128,-0.01143256,0.0001655345,0.997986,0.02390554,-0.05832341,0.007121113,0.7956536,-0.2427144,0.2118103,-0.512992,0.4770264,0.5007829,0.5921759,-0.4135094,0.7190701,-0.5030818,-0.3409477,0.3370481,0.3713907,0.0986084,-0.7200527,0.5778144
0.9998658,0.01160768,-0.01155766,0.0001664492,0.9979861,0.02440559,-0.05810528,0.007192837,0.7957194,-0.2427038,0.2116579,-0.5129579,0.4781778,0.500034,0.592316,-0.4128845,0.7187718,-0.5029926,-0.341915,0.3368377,0.3694612,0.09857139,-0.7292506,0.5674291
0.999865,0.0116088,-0.01162286,0.0001347013,0.9979792,0.02503577,-0.05794995,0.007233604,0.7958146,-0.2427068,0.2115014,-0.5128735,0.4791081,0.4995742,0.5919972,-0.41282,0.7185327,-0.5027859,-0.3429711,0.3365826,0.368794,0.09746281,-0.7382842,0.556263
0.9998644,0.01159388,-0.01170296,0.0001405939,0.9979765,0.02554102,-0.05776766,0.007293458,0.7959177,-0.24275,0.2112843,-0.5127826,0.4801476,0.4990758,0.5916069,-0.4127746,0.7184507,-0.5024149,-0.3440796,0.3361802,0.368258,0.09553712,-0.7500013,0.54107
0.999863,0.01158785,-0.01182855,0.0001337119,0.9979916,0.02576775,-0.0573913,0.007403144,0.7959055,-0.2429049,0.2110857,-0.5128099,0.4814754,0.4982473,0.5913606,-0.4125817,0.7190306,-0.5014423,-0.3450739,0.3353724,0.3681382,0.09263203,-0.7637146,0.5221434
0.9998617,0.01156027,-0.01195674,0.0001097781,0.9980163,0.02583393,-0.05690466,0.007608336,0.7957069,-0.2436966,0.2111864,-0.512701,0.4831365,0.4973103,0.5910346,-0.4122373,0.7209882,-0.5001116,-0.344101,0.3341538,0.3688387,0.08864209,-0.7783844,0.5002183
0.9998617,0.01156027,-0.01195674,0.0001097781,0.9980417,0.02585128,-0.05641563,0.007837621,0.7957069,-0.2436966,0.2111864,-0.512701,0.4849208,0.4965658,0.5902776,-0.4121246,0.7227485,-0.5003179,-0.3421482,0.332041,0.3707637,0.08431903,-0.7925179,0.4768018
0.9998556,0.01143228,-0.01257085,0.0002646619,0.9980416,0.02626292,-0.05621198,0.007957091,0.7956111,-0.2434902,0.211109,-0.5129795,0.4866455,0.4961018,0.5893078,-0.4120382,0.7232419,-0.5018768,-0.3415975,0.3291684,0.3736211,0.07948941,-0.8056892,0.4527181
0.9998501,0.01130928,-0.01311117,0.0003434619,0.9980416,0.02626292,-0.05621198,0.007957091,0.7957329,-0.2427063,0.2105889,-0.5133757,0.4881369,0.4962484,0.5879952,-0.4119728,0.7250659,-0.5023744,-0.3401405,0.3258892,0.377638,0.07439676,-0.8178515,0.4277541
0.9998419,0.01110143,-0.01388715,0.0003828211,0.9980228,0.02692152,-0.05625719,0.00778982,0.7961112,-0.241537,0.2096422,-0.5137281,0.4893904,0.4968399,0.5866363,-0.4117099,0.7345135,-0.4985881,-0.3262931,0.3247035,0.3877587,0.06578425,-0.8394566,0.3750045
0.9998155,0.01040494,-0.01614468,0.0003772357,0.9980021,0.02764505,-0.05627237,0.007791633,0.7967311,-0.24006,0.2083512,-0.5139845,0.491593,0.4986007,0.5844755,-0.4100266,0.7417951,-0.4953407,-0.3136681,0.3255607,0.3950013,0.06368329,-0.8499302,0.3428371
0.9997956,0.0100472,-0.01754691,0.0003514262,0.9979724,0.02826956,-0.0564749,0.007893774,0.7974932,-0.2382506,0.2067651,-0.514285,0.4925579,0.4996433,0.5836722,-0.4087421,0.7501494,-0.4919417,-0.2987145,0.3256357,0.4047772,0.06367914,-0.8568162,0.3129958
0.9997956,0.0100472,-0.01754691,0.0003514262,0.9979213,0.02852961,-0.05723937,0.007898832,0.7983091,-0.2362302,0.2049589,-0.5146741,0.4934004,0.5007114,0.583106,-0.4072243,0.7594665,-0.4882236,-0.2821346,0.3244201,0.4179805,0.06641333,-0.8588626,0.2885077
0.9997429,0.009168289,-0.02073431,0.0003394703,0.997868,0.02895801,-0.05795883,0.007841305,0.7991843,-0.2342704,0.2030936,-0.5149509,0.4941488,0.5018041,0.5826266,-0.4056547,0.7694639,-0.4838161,-0.2647456,0.3221135,0.4352586,0.07237237,-0.8559708,0.2694927
0.9997097,0.008646691,-0.02248782,0.0002546702,0.9978024,0.02945719,-0.05885994,0.007607847,0.8001239,-0.2325661,0.2013372,-0.514954,0.4949152,0.5028105,0.5822553,-0.4040039,0.7797189,-0.4783196,-0.2471317,0.3196475,0.4557113,0.0821564,-0.8478751,0.258235
0.9996709,0.008139194,-0.02432801,6.618721E-05,0.9977362,0.02955355,-0.05997045,0.007234829,0.8009812,-0.2313355,0.1997991,-0.5147745,0.4957281,0.5037856,0.5817567,-0.4025083,0.7904928,-0.4707736,-0.2298944,0.3172408,0.4788682,0.09490759,-0.8353869,0.2525996
0.9996276,0.007649417,-0.02619563,-0.0001684876,0.9976589,0.02947625,-0.0613453,0.006668386,0.801688,-0.2305381,0.1983442,-0.5145947,0.4966176,0.5047731,0.5809801,-0.4012942,0.8020079,-0.460518,-0.2133482,0.3149429,0.5038317,0.1090363,-0.8203683,0.2475086
0.9995834,0.007161384,-0.02795582,-0.0004352816,0.997593,0.0294143,-0.06250118,0.006044705,0.8023976,-0.2299833,0.1968281,-0.5143191,0.4976208,0.5056481,0.5800001,-0.4003666,0.8147027,-0.4468974,-0.1974531,0.3123369,0.5297373,0.1228329,-0.8046116,0.238518
0.9995395,0.006665709,-0.0295975,-0.000729528,0.9975676,0.0291591,-0.06308133,0.005402098,0.8031113,-0.2295028,0.1950818,-0.5140851,0.4987187,0.5063521,0.5788814,-0.3997293,0.8291929,-0.4287446,-0.1815761,0.3092687,0.5560786,0.1342741,-0.7891135,0.223712
0.9994931,0.006184933,-0.03121778,-0.0009375798,0.9975717,0.02855966,-0.06334333,0.004735377,0.8037782,-0.2291488,0.1932404,-0.513896,0.4999164,0.5069421,0.5775979,-0.3993418,0.8451721,-0.4057117,-0.1655829,0.3060462,0.5830818,0.1427775,-0.7735416,0.2031346
0.9994496,0.005662585,-0.03267052,-0.001155628,0.9975719,0.02801999,-0.06362395,0.00412279,0.8043552,-0.2289878,0.1914286,-0.5137432,0.501169,0.5072752,0.5762696,-0.3992678,0.8612906,-0.3796346,-0.1511457,0.3020116,0.6102565,0.1477712,-0.7579185,0.1769471
0.9994122,0.005161673,-0.0338598,-0.001433211,0.9975648,0.02767121,-0.0639067,0.003821031,0.8048801,-0.2290513,0.1897117,-0.5135295,0.5024915,0.5072163,0.5750985,-0.3993691,0.8765523,-0.3518149,-0.1399395,0.2971518,0.6372369,0.1506453,-0.7408523,0.1495762
0.999379,0.004708852,-0.03487884,-0.001727499,0.9975508,0.02725163,-0.06431383,0.003651514,0.8053613,-0.2293131,0.1882998,-0.5131778,0.503845,0.5068298,0.5740818,-0.399617,0.8906939,-0.3217751,-0.132054,0.2927229,0.6637373,0.1514843,-0.7221289,0.1226186
0.9993519,0.004207638,-0.03569142,-0.002009613,0.9975253,0.02673815,-0.06493514,0.003403652,0.8057719,-0.2298255,0.1872656,-0.5126822,0.5050472,0.5063536,0.5731262,-0.4000747,0.9032949,-0.2903079,-0.1277302,0.2889024,0.6897615,0.1498648,-0.7017807,0.09629866
0.9993286,0.00379313,-0.03637343,-0.002212086,0.9974945,0.02602529,-0.06571123,0.003066455,0.8060704,-0.2305827,0.1865663,-0.5121276,0.506076,0.5058496,0.5723017,-0.4005922,0.9141113,-0.2577252,-0.1270864,0.2860547,0.714739,0.1488923,-0.6791558,0.07567532
0.9993073,0.003451729,-0.03697219,-0.002442917,0.997445,0.02509549,-0.06682883,0.002712475,0.8063416,-0.2313969,0.1859572,-0.5115547,0.5069908,0.5052591,0.5717314,-0.400995,0.9238389,-0.2256229,-0.1298962,0.2806119,0.7381668,0.1488966,-0.6552988,0.05935573
0.9992805,0.003186813,-0.03770077,-0.00266555,0.9973696,0.02405329,-0.06833241,0.002385137,0.8068267,-0.2320279,0.1851994,-0.5107782,0.5078657,0.5045591,0.5714325,-0.401195,0.9317927,-0.1967673,-0.1351589,0.2734537,0.7598219,0.1503241,-0.6306332,0.0487345
0.9992472,0.002808131,-0.03859286,-0.002811577,0.9972632,0.02283928,-0.07028341,0.00215538,0.8075698,-0.2324524,0.1842326,-0.5097595,0.5087724,0.5037421,0.5713871,-0.4011376,0.9384756,-0.1682645,-0.1414046,0.2663743,0.7793503,0.1563414,-0.6050588,0.045544
0.9992105,0.002351218,-0.03955443,-0.002892806,0.9971375,0.02133758,-0.07250482,0.002104805,0.8084522,-0.2326659,0.1829865,-0.5087112,0.5097477,0.5028306,0.5715788,-0.4007694,0.9438791,-0.1405261,-0.1490502,0.2590921,0.797036,0.1649131,-0.5791905,0.04556136
0.9991639,0.001868242,-0.04074299,-0.002841266,0.9969893,0.01980606,-0.07493478,0.002149478,0.8094411,-0.2326279,0.1813934,-0.5077257,0.5108387,0.5019253,0.5719029,-0.4000523,0.9478123,-0.1148703,-0.1588369,0.2514508,0.8137781,0.170154,-0.5539926,0.04364665
0.9991009,0.001302547,-0.042289,-0.002704828,0.996808,0.01812357,-0.07771959,0.00221025,0.8105119,-0.2323555,0.1794388,-0.5068359,0.5120511,0.5011771,0.5721599,-0.3990717,0.9505041,-0.0907343,-0.1706719,0.2432702,0.8290536,0.1725564,-0.5303382,0.04044594
0.9990172,0.0005317651,-0.04424705,-0.002575629,0.9966066,0.01651271,-0.08060817,0.002216914,0.8117097,-0.2318002,0.1771475,-0.5059786,0.5134801,0.5005506,0.5722679,-0.3978651,0.9521245,-0.07000016,-0.184122,0.2337903,0.842591,0.173228,-0.508593,0.03695639
0.99891,-0.00029463,-0.04661223,-0.002465128,0.9963828,0.01494679,-0.08362304,0.002205213,0.8130182,-0.2309951,0.1745511,-0.5051477,0.5150709,0.5001323,0.5721375,-0.3965204,0.9528872,-0.05294049,-0.1983012,0.2233377,0.8545257,0.1726454,-0.4886233,0.03502332
0.9987786,-0.001165169,-0.04933997,-0.002370637,0.996085,0.01259202,-0.08747404,0.002060623,0.81434,-0.2299911,0.1716267,-0.5044782,0.5168863,0.4999058,0.5717312,-0.3950268,0.9531518,-0.03616089,-0.211997,0.2127234,0.8648942,0.1724726,-0.4699789,0.03648574
0.9986187,-0.002055291,-0.05245253,-0.002279167,0.9956962,0.009787379,-0.09214516,0.001579426,0.8156219,-0.2289411,0.1684456,-0.5039569,0.518861,0.4999513,0.5709539,-0.3935019,0.952701,-0.01881808,-0.2258206,0.2025132,0.8740479,0.1703285,-0.453265,0.03974133
0.998423,-0.002995175,-0.05601719,-0.002147089,0.9952897,0.007353002,-0.09666207,0.0008254933,0.8168601,-0.2278752,0.1650478,-0.5035586,0.5210491,0.5001659,0.5699144,-0.3918409,0.9515167,-0.002586818,-0.2399923,0.1923874,0.882238,0.1658732,-0.4384549,0.04358322
0.998423,-0.002995175,-0.05601719,-0.002147089,0.9948544,0.005082673,-0.1011862,-0.0002041894,0.8180378,-0.2267814,0.1614634,-0.5033026,0.5210491,0.5001659,0.5699144,-0.3918409,0.9495764,0.01146783,-0.2544386,0.1828498,0.882238,0.1658732,-0.4384549,0.04358322
0.9979253,-0.005264067,-0.06414436,-0.001712413,0.9943807,0.002454509,-0.1058236,-0.001445634,0.8191875,-0.2255944,0.1577423,-0.5031462,0.5258514,0.5009873,0.5672558,-0.3882175,0.9471985,0.02284596,-0.2690367,0.1729517,0.8946976,0.1570189,-0.4147798,0.05309451
0.9976279,-0.006402465,-0.06852556,-0.001474616,0.9938422,-0.0001948195,-0.1107691,-0.00279672,0.8212017,-0.2233986,0.1504228,-0.5030838,0.528491,0.5013797,0.5656801,-0.3864217,0.9442315,0.03257921,-0.2836584,0.1640225,0.8988282,0.1526696,-0.4067995,0.05756802
0.997299,-0.007540417,-0.07304946,-0.001231521,0.9932397,-0.002269113,-0.1159821,-0.004201211,0.8220832,-0.2222633,0.1466494,-0.5032611,0.5312133,0.5018234,0.5639768,-0.3845983,0.9407417,0.04200694,-0.2977725,0.1567545,0.8988282,0.1526696,-0.4067995,0.05756802
0.9969428,-0.008595549,-0.07765362,-0.001000738,0.9919325,-0.005974174,-0.126472,-0.006241817,0.8229384,-0.2208837,0.1426041,-0.503633,0.5338949,0.5024859,0.5620364,-0.3828567,0.9367529,0.05104874,-0.311143,0.151914,0.9031169,0.1447003,-0.3991221,0.0643682
0.996577,-0.009568395,-0.08211053,-0.0008362036,0.9919325,-0.005974174,-0.126472,-0.006241817,0.8238437,-0.2191843,0.1381083,-0.5041482,0.536618,0.5032238,0.5599213,-0.3811759,0.9321634,0.05989434,-0.3245129,0.1489145,0.9034847,0.1413235,-0.3990439,0.06713536
0.996577,-0.009568395,-0.08211053,-0.0008362036,0.9906651,-0.009124606,-0.1358322,-0.006996957,0.8247575,-0.217415,0.1333259,-0.5047075,0.5420849,0.5048374,0.5551131,-0.3783286,0.9207051,0.07459884,-0.3545036,0.1451353,0.9008288,0.1342763,-0.4069061,0.07003525
0.9956375,-0.01118354,-0.09263082,-0.0005260555,0.9901012,-0.01049877,-0.139799,-0.006740149,0.8255713,-0.2157348,0.1284855,-0.5053529,0.5446648,0.5058426,0.5523108,-0.3773808,0.9141892,0.07952487,-0.3705385,0.143649,0.8972598,0.1327001,-0.4150275,0.07118898
0.9954366,-0.01113085,-0.09477305,-0.0004026157,0.9896548,-0.01177447,-0.1428576,-0.006021195,0.8261345,-0.2142488,0.1239262,-0.5062026,0.5469956,0.5068852,0.5494512,-0.3767844,0.9070963,0.0846399,-0.3861581,0.1445483,0.8922291,0.1316184,-0.4258827,0.07230354
0.9953014,-0.01088057,-0.09621198,-0.0001680682,0.9893136,-0.01298902,-0.1451391,-0.004947739,0.8264498,-0.2131312,0.1199315,-0.5071211,0.5491617,0.507755,0.5467393,-0.3764071,0.8991633,0.08955526,-0.402126,0.1475801,0.8858608,0.1284544,-0.4399717,0.07193907
0.9952537,-0.01035787,-0.09676158,6.480634E-05,0.9890383,-0.01389016,-0.1469625,-0.003492725,0.8265482,-0.2126093,0.1166789,-0.507938,0.551131,0.5082963,0.5443664,-0.3762377,0.8904575,0.09344327,-0.418939,0.1511422,0.8781201,0.1241605,-0.4566602,0.07036108
0.9952537,-0.01035787,-0.09676158,6.480634E-05,0.9887905,-0.01450152,-0.148594,-0.001708387,0.8265036,-0.2127438,0.1142647,-0.5085025,0.5528553,0.5085217,0.5423712,-0.3762845,0.8904575,0.09344327,-0.418939,0.1511422,0.8688371,0.1197621,-0.4755398,0.06812543
0.9952537,-0.01035787,-0.09676158,6.480634E-05,0.9886439,-0.01446942,-0.149578,0.0004146625,0.8263841,-0.2131759,0.1123455,-0.5089435,0.5542129,0.5085576,0.5407535,-0.3765673,0.8711647,0.09520402,-0.4556672,0.1561265,0.857924,0.1167525,-0.4958198,0.06706712
0.9956266,-0.007789248,-0.09309129,0.001003215,0.9885865,-0.01396226,-0.1499844,0.002504011,0.8262684,-0.2135016,0.110715,-0.5093518,0.5551441,0.5085173,0.5393933,-0.3772001,0.8605228,0.0948276,-0.4743136,0.1597958,0.8452435,0.1164349,-0.5170401,0.06838109
0.9958769,-0.006911883,-0.09044255,0.00128678,0.9886594,-0.01271031,-0.1495642,0.004629662,0.8263212,-0.213695,0.1095064,-0.5094464,0.5557032,0.5082772,0.5383804,-0.3781463,0.8492931,0.09403794,-0.4926226,0.1648661,0.8308762,0.1166435,-0.5395421,0.0702377
0.9961603,-0.006074615,-0.08732364,0.0016058,0.9887782,-0.0114638,-0.1487997,0.006688656,0.8263927,-0.2139983,0.1087804,-0.5093586,0.5559892,0.5077848,0.5377382,-0.3792998,0.8374891,0.09253,-0.5106586,0.1711083,0.8145928,0.1170826,-0.5634084,0.07281009
0.9964679,-0.005060584,-0.08380085,0.001856767,0.9889479,-0.00989112,-0.1476612,0.008951675,0.8264295,-0.2144619,0.1084802,-0.5091679,0.5558948,0.5072663,0.5374142,-0.3805887,0.8255697,0.08944891,-0.5282274,0.1772261,0.7963271,0.1207242,-0.5875666,0.07780994
0.9967753,-0.004062928,-0.08011311,0.002113727,0.9891938,-0.007852471,-0.1459603,0.01136869,0.826316,-0.2148046,0.1084505,-0.5092141,0.5554389,0.506875,0.5372328,-0.3820289,0.8138487,0.08456162,-0.5446959,0.1838639,0.7759143,0.1269618,-0.6120296,0.085192
0.9970636,-0.003244306,-0.07647134,0.002390559,0.9894403,-0.00601077,-0.1441876,0.01347414,0.8260204,-0.2151038,0.108974,-0.5094556,0.5545906,0.5065295,0.5373288,-0.3835817,0.8023643,0.07823093,-0.5595071,0.1924656,0.7534113,0.1341407,-0.6368859,0.0935626
0.9973348,-0.002441382,-0.07287322,0.002603332,0.9897778,-0.004375148,-0.1416761,0.01575982,0.8257686,-0.2154025,0.1103608,-0.5094388,0.553499,0.5059743,0.537957,-0.3850081,0.7913219,0.07110177,-0.5725178,0.2024286,0.7282562,0.141091,-0.6627795,0.1022723
0.9975715,-0.001582741,-0.06957688,0.00278685,0.9900238,-0.003215532,-0.1397394,0.01775689,0.8252584,-0.2160326,0.1125743,-0.5095146,0.5521679,0.5054024,0.5390534,-0.3861352,0.7811493,0.06365616,-0.5839326,0.2116043,0.7007594,0.1509541,-0.6881595,0.1121857
0.9977676,-0.0008936184,-0.0667128,0.002935155,0.9902381,-0.001613015,-0.1380122,0.01945168,0.8244867,-0.2166398,0.1152214,-0.5099141,0.5505406,0.5050284,0.5404822,-0.3869502,0.7720523,0.05381718,-0.5939265,0.2197501,0.6710076,0.1633097,-0.712548,0.1239117
0.9979358,-0.0003028859,-0.0641484,0.003001085,0.9904659,0.0006048002,-0.13615,0.02097452,0.8237057,-0.2167732,0.1178139,-0.510527,0.548569,0.5050822,0.5419969,-0.3875607,0.7639432,0.0430914,-0.6019568,0.2284336,0.6390495,0.1759408,-0.7359985,0.1377208
0.9980815,0.0002713175,-0.06184374,0.002968347,0.9907551,0.002394394,-0.1338218,0.02214222,0.8230859,-0.2162291,0.1202105,-0.5111982,0.546186,0.5056372,0.543477,-0.3881296,0.7570679,0.03312049,-0.6077254,0.2375306,0.605512,0.1878663,-0.7584988,0.1508015
0.9982017,0.0008047476,-0.05987109,0.002882698,0.991083,0.00319148,-0.1312173,0.02293749,0.8225111,-0.2152092,0.1227001,-0.5119616,0.5434948,0.5064691,0.5450538,-0.3886114,0.7514487,0.02175698,-0.6121295,0.2452528,0.5708378,0.1999901,-0.7799596,0.1606591
0.9982864,0.001276461,-0.05843339,0.002883226,0.9913911,0.00343484,-0.1287991,0.02328946,0.8217378,-0.2142715,0.1258581,-0.5128295,0.540525,0.5075311,0.5467883,-0.388931,0.7470481,0.007769585,-0.615634,0.2507058,0.5347308,0.2137905,-0.7999302,0.1687259
0.9983417,0.001655834,-0.0574633,0.003040447,0.9915652,0.003766969,-0.1275286,0.02281696,0.820734,-0.2136833,0.1298249,-0.5136927,0.5374044,0.5087,0.5488018,-0.3888925,0.7437742,-0.00823471,-0.6180263,0.2545105,0.4967231,0.2307451,-0.8170865,0.1799794
0.9983772,0.001953558,-0.05681928,0.003272975,0.9915999,0.004255266,-0.1274938,0.02137292,0.8195065,-0.2135521,0.1344594,-0.5145142,0.5341973,0.5099253,0.5511055,-0.3884484,0.7437742,-0.00823471,-0.6180263,0.2545105,0.4575613,0.2479918,-0.8316979,0.1934331
0.9983998,0.002078182,-0.05640886,0.003400089,0.9916672,0.004792694,-0.1272467,0.0195262,0.8181303,-0.2136027,0.1393924,-0.5153698,0.5309058,0.51134,0.5534548,-0.3877604,0.7394232,-0.04014828,-0.6168463,0.2667244,0.4178992,0.2644457,-0.844364,0.2061024
0.9984106,0.002091373,-0.05621651,0.003423895,0.9917206,0.00520539,-0.1271028,0.01754783,0.8167056,-0.2134874,0.1441666,-0.5163629,0.5276104,0.5129178,0.5556876,-0.3869805,0.7388173,-0.05674075,-0.6128204,0.2745552,0.3776699,0.2820152,-0.8542106,0.2194474
0.9984059,0.00215362,-0.05629539,0.003455167,0.991671,0.005319252,-0.1277353,0.01561403,0.8153885,-0.2129437,0.1484392,-0.5174571,0.5243552,0.5147536,0.5575384,-0.3863046,0.7386833,-0.07567994,-0.6072606,0.2825846,0.3370839,0.3020161,-0.8594509,0.2377075
0.9983816,0.002176949,-0.0567142,0.00361788,0.9916196,0.005310212,-0.1283382,0.01383146,0.8142208,-0.2119917,0.1521593,-0.5186048,0.5211797,0.5167623,0.5589724,-0.3858476,0.7386454,-0.09604063,-0.599851,0.2921607,0.2963828,0.322593,-0.8594649,0.2634599
0.9983483,0.001989074,-0.05729689,0.003715264,0.9916084,0.006246331,-0.1285231,0.01246442,0.8131056,-0.2108938,0.1554329,-0.5198298,0.5181547,0.5188264,0.5600531,-0.3855846,0.7388817,-0.1154381,-0.5906026,0.303177,0.2576153,0.339177,-0.8586655,0.2851087
0.9983089,0.001688658,-0.05798509,0.003779109,0.9916434,0.006440633,-0.1283369,0.01145524,0.8119671,-0.2098922,0.1583924,-0.5211201,0.5153531,0.5207743,0.560918,-0.385456,0.7402642,-0.1334525,-0.5793269,0.313974,0.2224332,0.3528951,-0.8584823,0.2983234
0.9982642,0.001404498,-0.05875456,0.003824824,0.9916568,0.005823318,-0.1283456,0.01049523,0.8107327,-0.2091698,0.1611053,-0.522499,0.5128654,0.522544,0.5615638,-0.3854385,0.7423009,-0.1499256,-0.5660815,0.3256734,0.1904495,0.3670898,-0.8564099,0.3090892
0.9982214,0.001064756,-0.05948649,0.0037906,0.9916162,0.005795798,-0.1287272,0.009625759,0.8094903,-0.2087788,0.1636134,-0.5238005,0.5106126,0.5240855,0.562045,-0.3856354,0.7427729,-0.167387,-0.5521815,0.3396551,0.1599946,0.3822835,-0.850055,0.3250653
0.9981816,0.0007438415,-0.06015676,0.00375016,0.9915391,0.006241309,-0.1293452,0.008993425,0.8069387,-0.2093956,0.1684324,-0.5259596,0.5085372,0.5253915,0.5624318,-0.3860365,0.7405174,-0.1887087,-0.5402958,0.3522833,0.1317305,0.3976539,-0.8396474,0.3457034
0.998142,0.0005514245,-0.06081279,0.003744332,0.9915411,0.006134158,-0.1293718,0.008451076,0.8056394,-0.2104227,0.1707283,-0.5268005,0.506594,0.5264615,0.5627112,-0.3867258,0.737251,-0.2125584,-0.5298715,0.3612701,0.1048326,0.4109986,-0.8256753,0.3719551
0.9981087,0.0003811097,-0.06135527,0.003798583,0.9915231,0.006113745,-0.1295588,0.007679386,0.8056394,-0.2104227,0.1707283,-0.5268005,0.5048411,0.5272559,0.5629158,-0.3876372,0.7342762,-0.2370384,-0.5177886,0.3695217,0.07809813,0.4202725,-0.8091034,0.4032659
0.9980724,0.0001028985,-0.06193197,0.003980802,0.9916461,0.005331677,-0.1287366,0.006038516,0.8033019,-0.2132291,0.1745901,-0.5279748,0.5033579,0.5276089,0.5631302,-0.3887728,0.7342762,-0.2370384,-0.5177886,0.3695217,0.05248981,0.4268989,-0.789837,0.437218
0.9980502,-0.0004926165,-0.06227951,0.004109772,0.9916461,0.005331677,-0.1287366,0.006038516,0.8024858,-0.214436,0.1756504,-0.528375,0.5020744,0.5276322,0.5632652,-0.3902023,0.7295622,-0.2805917,-0.4922566,0.3830021,0.02824355,0.4304837,-0.7668696,0.4751811
0.9980469,-0.001098042,-0.06232718,0.004075741,0.9920249,0.003845033,-0.1258803,0.005082415,0.8019646,-0.2155319,0.1761886,-0.5285412,0.5009599,0.5273187,0.563381,-0.391888,0.7251858,-0.3036405,-0.482013,0.3867444,0.006480829,0.4310045,-0.7415373,0.5141164
0.9980538,-0.001418177,-0.06221616,0.003978744,0.9920249,0.003845033,-0.1258803,0.005082415,0.8019646,-0.2155319,0.1761886,-0.5285412,0.49999,0.526678,0.5635351,-0.393762,0.7204813,-0.328793,-0.4708098,0.388767,-0.01351044,0.427625,-0.7136678,0.5546464
0.9980849,-0.001580247,-0.06172128,0.003828661,0.992887,0.003753227,-0.1188999,0.004894678,0.8013328,-0.2184164,0.1768949,-0.5280792,0.4984783,0.5244933,0.5639648,-0.3979571,0.7193778,-0.3715799,-0.4374979,0.3911769,-0.03887445,0.4120655,-0.6691316,0.6172146
0.9982201,-0.001807028,-0.05949312,0.003725149,0.9933738,0.00350365,-0.1147518,0.005290167,0.8010727,-0.2202935,0.1774341,-0.5275131,0.4979671,0.5228905,0.5642974,-0.4002282,0.7200959,-0.385101,-0.4220555,0.3937362,-0.03347674,0.4095684,-0.6615819,0.6272499
0.9983168,-0.001693898,-0.05784664,0.003833045,0.9939737,0.003821055,-0.1093668,0.00635876,0.8009263,-0.222179,0.1778066,-0.5268186,0.4975393,0.5211159,0.5645892,-0.4026561,0.718216,-0.3978685,-0.4098637,0.3973387,-0.02024332,0.4096478,-0.6614816,0.6278703
0.9984341,-0.001442904,-0.05578456,0.003901419,0.9946304,0.00410794,-0.1031298,0.007588337,0.8009874,-0.2239647,0.177982,-0.5259098,0.4970639,0.5193115,0.5648228,-0.4052386,0.7177464,-0.4074264,-0.3984415,0.4001102,-0.009372395,0.4010278,-0.6463505,0.6490915
0.9984341,-0.001442904,-0.05578456,0.003901419,0.9952148,0.00395043,-0.09726116,0.008490549,0.8009874,-0.2239647,0.177982,-0.5259098,0.4963865,0.517562,0.5651096,-0.4078986,0.7211079,-0.4115251,-0.3863144,0.4017605,0.003215744,0.3941568,-0.6407069,0.6588815
0.9987411,-0.0007833586,-0.05000539,0.003877062,0.9956616,0.003765453,-0.09254628,0.008883546,0.8011631,-0.2279884,0.1788993,-0.5235968,0.4954892,0.5157748,0.5656186,-0.4105392,0.7238475,-0.4138919,-0.3778742,0.402429,0.01605007,0.3867721,-0.6358438,0.6677218
0.998911,-0.0004394059,-0.04649452,0.003863232,0.9960237,0.00377639,-0.08855036,0.009007624,0.8009694,-0.2305947,0.1804121,-0.522231,0.4944249,0.5139186,0.5663834,-0.4130875,0.7251851,-0.4166398,-0.3738796,0.4009136,0.02516828,0.380581,-0.6296069,0.6768455
0.9990807,-0.0003045915,-0.04269395,0.003857603,0.9962869,0.004000222,-0.0855272,0.009020974,0.8004488,-0.233719,0.1829642,-0.5207502,0.4932129,0.5119907,0.5674501,-0.4154601,0.7253679,-0.4201871,-0.374611,0.3961701,0.03307245,0.3783363,-0.628258,0.6790138
0.9992411,-0.0001619364,-0.03876411,0.003840682,0.996462,0.004164249,-0.08345237,0.009036531,0.7997574,-0.237084,0.1862443,-0.5191261,0.4918385,0.51024,0.5684701,-0.4178418,0.7253679,-0.4222714,-0.3765014,0.3921414,0.0391129,0.3785415,-0.6303567,0.6766292
0.9993839,5.274072E-05,-0.03489403,0.003788268,0.9965922,0.004062468,-0.08187454,0.009153907,0.7991597,-0.2403395,0.1898869,-0.5172264,0.4904413,0.5084903,0.5696043,-0.4200664,0.7259917,-0.4219708,-0.3779314,0.3899288,0.04286531,0.3805483,-0.633983,0.6718714
0.9993839,5.274072E-05,-0.03489403,0.003788268,0.9967223,0.004219505,-0.0802367,0.009428813,0.7987202,-0.2430997,0.1933682,-0.5153223,0.4891295,0.5066442,0.5711117,-0.4217766,0.7270573,-0.4199669,-0.3788856,0.3891798,0.04416933,0.3831661,-0.6371204,0.6673159
0.9996021,0.0002304363,-0.02795291,0.003783742,0.996865,0.004426068,-0.07838212,0.009829172,0.7985389,-0.2451565,0.196382,-0.5134856,0.4879334,0.504787,0.5729093,-0.4229493,0.7282238,-0.4167261,-0.3797091,0.38968,0.04345616,0.3858545,-0.6390363,0.6639733
0.999681,0.000202445,-0.0249798,0.003751007,0.9970187,0.00452518,-0.07634141,0.01024822,0.7986252,-0.2464613,0.198688,-0.5118371,0.4868228,0.5031705,0.5747777,-0.4236196,0.7292489,-0.4128735,-0.3804734,0.3911157,0.04161813,0.3884019,-0.6396768,0.6619859
0.9997424,9.930498E-05,-0.02239632,0.003692727,0.9971641,0.004782474,-0.07434565,0.01065338,0.7988799,-0.2470819,0.2002646,-0.5105243,0.485733,0.5019294,0.5765464,-0.4239392,0.729916,-0.4091184,-0.3816301,0.3926872,0.04002991,0.3913958,-0.6411606,0.658878
0.9997879,-1.784776E-05,-0.02027783,0.003628389,0.9973046,0.005053373,-0.07235321,0.01108633,0.7992309,-0.2470824,0.2012561,-0.5095841,0.4847593,0.5011655,0.5779384,-0.424062,0.7301242,-0.4058429,-0.3834246,0.3939486,0.03903253,0.3945501,-0.6435825,0.6546818
0.9998196,-8.407703E-05,-0.01865396,0.003579011,0.9974256,0.005378122,-0.07056503,0.01155796,0.7995372,-0.2467932,0.2020894,-0.5089133,0.4837937,0.5008693,0.5789958,-0.4240727,0.7302496,-0.4028544,-0.3852304,0.3950206,0.03837802,0.3975124,-0.6461729,0.6503628
0.9998418,-6.931571E-06,-0.01744475,0.003476925,0.997535,0.005715588,-0.06888947,0.01205818,0.7995447,-0.2466264,0.2030486,-0.5086006,0.4829224,0.5009189,0.5798159,-0.4238865,0.7303469,-0.4001774,-0.3869287,0.3959009,0.03775791,0.4001535,-0.6480163,0.6469362
0.9998558,7.928781E-05,-0.01664217,0.00338389,0.9976243,0.006001949,-0.06745376,0.01262558,0.7992085,-0.2467031,0.2042606,-0.5086065,0.4820892,0.5011978,0.5804855,-0.4235886,0.7303058,-0.3980559,-0.3884322,0.3966424,0.03714488,0.4022398,-0.6487169,0.6449728
0.9998639,6.514091E-05,-0.01615925,0.003333747,0.9976953,0.006287052,-0.06625554,0.01321455,0.7986908,-0.2469902,0.2057033,-0.5086989,0.4812958,0.5016049,0.5810721,-0.4232045,0.7301819,-0.3965469,-0.3894928,0.3973413,0.03697072,0.4039218,-0.6490183,0.643627
0.9998688,5.015728E-05,-0.01586968,0.003255564,0.9977451,0.00648609,-0.06537293,0.01374687,0.7980809,-0.2474315,0.2072703,-0.5088055,0.4805842,0.5020519,0.5816157,-0.4227362,0.7300623,-0.3955642,-0.3900753,0.3979687,0.03779082,0.405348,-0.6498273,0.6418641
0.9998729,0.0002534318,-0.01564177,0.003077956,0.9977706,0.006616158,-0.0648632,0.01423515,0.7975361,-0.2478069,0.2087434,-0.508875,0.4799601,0.5024523,0.5821385,-0.4222496,0.7300251,-0.3949568,-0.3901328,0.3985835,0.03965735,0.4065032,-0.6515298,0.6392898
0.9998741,0.0005501905,-0.01559272,0.00290252,0.997781,0.006791685,-0.0645939,0.0146426,0.7971608,-0.2479268,0.2099296,-0.5089167,0.4794411,0.5027984,0.5826499,-0.4217214,0.7300358,-0.3946646,-0.3898101,0.3991687,0.04199501,0.4071046,-0.6532903,0.6369569
0.999872,0.0007630131,-0.01572845,0.002826455,0.9977735,0.00690387,-0.06460827,0.0150314,0.7970137,-0.2476907,0.2106521,-0.5089633,0.4791095,0.5030758,0.5831245,-0.4211113,0.7301924,-0.3946899,-0.3891135,0.3995368,0.04472617,0.4070958,-0.654915,0.6351054
0.9998682,0.0009137336,-0.01597068,0.002792831,0.9977375,0.006949442,-0.06507599,0.01537494,0.7970471,-0.2471797,0.2109702,-0.5090278,0.4790299,0.5033041,0.583552,-0.4203359,0.730414,-0.3950758,-0.3879985,0.3998342,0.04779232,0.4063794,-0.6562,0.6340137
0.9998642,0.001062675,-0.01621599,0.002738129,0.997713,0.007163032,-0.06533973,0.01574636,0.7971837,-0.2465404,0.2109625,-0.5091269,0.479104,0.5035862,0.5837675,-0.4196138,0.7306971,-0.3957422,-0.3866593,0.3999555,0.05156392,0.4051259,-0.6576886,0.632977
0.9998609,0.001204232,-0.01642068,0.00265919,0.997705,0.007589899,-0.06529865,0.01622007,0.79734,-0.2459123,0.2106897,-0.5092989,0.479354,0.5041838,0.5834413,-0.419064,0.7311022,-0.3965093,-0.3852969,0.3997703,0.05588853,0.4032792,-0.659089,0.6323324
0.9998577,0.00125709,-0.01660836,0.002670806,0.9976811,0.007660164,-0.06555032,0.01663217,0.79748,-0.2453602,0.210265,-0.5095216,0.4798431,0.5048691,0.5827909,-0.4185838,0.7315564,-0.3975005,-0.3838961,0.3993024,0.06088133,0.4007727,-0.6602958,0.6322059
0.9998552,0.001338636,-0.01675351,0.002681097,0.9976544,0.007382512,-0.06590331,0.0169596,0.7976328,-0.2449109,0.2096956,-0.509733,0.4806766,0.5054544,0.5820794,-0.4179108,0.7319394,-0.3990187,-0.3825472,0.3983796,0.06682131,0.3976383,-0.6617247,0.6320911
0.9998532,0.001530493,-0.01684583,0.002738226,0.9976336,0.007599069,-0.06613614,0.01718192,0.7977851,-0.2444491,0.2089955,-0.5100039,0.4817631,0.5059983,0.5813183,-0.41706,0.7323444,-0.4008899,-0.3808759,0.3973568,0.07461151,0.3942505,-0.6643944,0.6305393
0.9998512,0.001739879,-0.01693348,0.002793175,0.9976282,0.008117856,-0.06609901,0.01740626,0.7979482,-0.2439,0.2081348,-0.5103635,0.4830218,0.5065192,0.5804205,-0.4162215,0.7328436,-0.4025716,-0.3783478,0.3971515,0.08374242,0.3902953,-0.6675156,0.6285536
0.9998491,0.00186683,-0.01703016,0.002857832,0.9976166,0.008064401,-0.06624316,0.01754364,0.7981036,-0.2433032,0.2071513,-0.5108053,0.4843332,0.5072088,0.5792425,-0.4154982,0.733343,-0.4042873,-0.3758526,0.3968557,0.09331542,0.3855102,-0.670078,0.627431
0.9998491,0.00186683,-0.01703016,0.002857832,0.9975997,0.007936945,-0.06649202,0.01761914,0.7985549,-0.2419333,0.2051333,-0.5115645,0.4857554,0.5078818,0.5779197,-0.4148574,0.7337729,-0.406617,-0.3742456,0.3951963,0.1031251,0.380018,-0.6720346,0.6271532
0.9998472,0.001833828,-0.01713941,0.002918113,0.9975672,0.008109509,-0.06693854,0.01769224,0.7985549,-0.2419333,0.2051333,-0.5115645,0.48723,0.5085115,0.5765373,-0.41428,0.7343976,-0.4090995,-0.3727064,0.3929218,0.1138347,0.3739069,-0.6746141,0.6262038
0.9998479,0.001847668,-0.01709838,0.002855644,0.9975284,0.008136692,-0.06748302,0.01779312,0.7991198,-0.2407287,0.2034913,-0.5119064,0.488709,0.5091058,0.575124,-0.4137718,0.7353643,-0.4112605,-0.3711297,0.3903418,0.1257132,0.3671793,-0.6783794,0.6238406
0.999849,0.001882069,-0.01704552,0.00280522,0.997492,0.008243144,-0.06798754,0.01786792,0.7993326,-0.2403305,0.2028624,-0.5120107,0.4902034,0.509571,0.5737647,-0.4133186,0.7366175,-0.4131573,-0.3694052,0.3876023,0.1382724,0.3595636,-0.6827936,0.620796
0.9998494,0.002003313,-0.01702258,0.002740201,0.997451,0.008304092,-0.0685611,0.0179401,0.7995439,-0.2399839,0.2022412,-0.5120894,0.4917459,0.5098324,0.5725619,-0.4128315,0.7386039,-0.4184515,-0.365967,0.3813536,0.1608334,0.3403498,-0.6870297,0.6215183
0.9998511,0.002150252,-0.01692029,0.002652216,0.9974352,0.008247813,-0.0688035,0.01791374,0.7997604,-0.2396687,0.2016022,-0.5121506,0.4946102,0.5101483,0.5703571,-0.4120705,0.7396859,-0.4216504,-0.3653886,0.3762536,0.1709332,0.3287691,-0.6874734,0.6245583
0.9998533,0.00218857,-0.01679646,0.002605204,0.9974179,0.008125178,-0.06906741,0.01791423,0.7999138,-0.2394521,0.2010836,-0.5122162,0.4957631,0.5103741,0.5692975,-0.4118707,0.740629,-0.4250455,-0.3649796,0.3709377,0.1815311,0.3160792,-0.6893405,0.6260592
0.9998533,0.00218857,-0.01679646,0.002605204,0.9974079,0.008043429,-0.06921986,0.01792089,0.7999563,-0.23946,0.2007606,-0.512273,0.4966238,0.5108045,0.5681503,-0.4118844,0.7415127,-0.42839,-0.365111,0.3651503,0.1923376,0.3023392,-0.6933745,0.6251634
0.9998589,0.002347999,-0.01644783,0.002488784,0.9974293,0.007942504,-0.06891221,0.01796084,0.7999208,-0.2396347,0.2005337,-0.5123355,0.4972943,0.5111681,0.567207,-0.4119245,0.7421103,-0.432147,-0.3656408,0.3589263,0.2029716,0.2878799,-0.6994246,0.6218787
0.9998612,0.00238988,-0.01630392,0.002456161,0.997449,0.007955766,-0.06863203,0.0179349,0.7999208,-0.2396347,0.2005337,-0.5123355,0.4978487,0.5112039,0.5667273,-0.4118705,0.7421567,-0.4366455,-0.3670276,0.3519018,0.2128809,0.2728474,-0.7063206,0.6175333
0.9998645,0.002379568,-0.01611845,0.002388156,0.997483,0.007926743,-0.06814326,0.01791666,0.7998719,-0.2400923,0.2002625,-0.5123038,0.4982449,0.5110034,0.5665367,-0.4119025,0.7418906,-0.4414666,-0.3689256,0.3443825,0.2214762,0.2570608,-0.7120572,0.6146891
0.9998683,0.002388441,-0.01588796,0.002272588,0.9975192,0.007796016,-0.06764044,0.01786725,0.799918,-0.2402531,0.2001722,-0.5121916,0.4985326,0.510568,0.5665556,-0.4120682,0.7415869,-0.4458501,-0.3709674,0.3371196,0.2295773,0.2412467,-0.7174842,0.6118096
0.9998683,0.002388441,-0.01588796,0.002272588,0.9975603,0.007564452,-0.06708039,0.01778558,0.7999563,-0.2404725,0.200225,-0.5120082,0.4986213,0.5100366,0.5667179,-0.4123956,0.7411996,-0.4495725,-0.372958,0.330772,0.2377668,0.2261389,-0.7241906,0.6065279
0.9998775,0.00243541,-0.01530432,0.002217975,0.9975974,0.007412293,-0.06657648,0.0176611,0.7999164,-0.2408323,0.2005433,-0.5117767,0.4985766,0.5094711,0.5668942,-0.4129062,0.7403426,-0.453473,-0.3746951,0.3253592,0.2459133,0.2120209,-0.7317994,0.5992023
0.999882,0.002444706,-0.01501283,0.002148572,0.9976225,0.007320763,-0.06624994,0.01750188,0.7997267,-0.2413202,0.2010794,-0.511633,0.4982821,0.5088872,0.5671682,-0.4136048,0.7387701,-0.458157,-0.3761875,0.3206149,0.2534479,0.198964,-0.7378365,0.5931061
0.999882,0.002444706,-0.01501283,0.002148572,0.9976389,0.007245397,-0.06605301,0.01734673,0.7994246,-0.2418775,0.2017955,-0.5115602,0.4979317,0.507989,0.5680372,-0.4139381,0.7373573,-0.4624253,-0.3772865,0.3164203,0.2599622,0.1869199,-0.740571,0.5907921
0.9998921,0.002311629,-0.01435689,0.002084765,0.9976476,0.007140967,-0.06598614,0.01714408,0.7991449,-0.2423859,0.2025427,-0.5114612,0.4974812,0.5068204,0.569368,-0.414084,0.7362885,-0.465862,-0.3779786,0.3130238,0.2657538,0.1753714,-0.7406018,0.5917169
0.9998976,0.002250858,-0.01399211,0.001991543,0.997658,0.007003059,-0.06589554,0.01694282,0.7989509,-0.2428281,0.2032401,-0.511278,0.4969173,0.5055239,0.5708633,-0.4142872,0.7358891,-0.4678944,-0.3781072,0.3107685,0.2709752,0.163764,-0.7392434,0.5943677
0.9999026,0.002220674,-0.01364795,0.001899315,0.997685,0.006933144,-0.06554245,0.016756,0.7988352,-0.2432042,0.2038614,-0.5110325,0.4962412,0.50437,0.5720391,-0.4148816,0.7360494,-0.468906,-0.37749,0.3096121,0.2761098,0.1528149,-0.7389934,0.5952309
0.9999071,0.002191789,-0.01333214,0.00182623,0.9977248,0.007014207,-0.06496082,0.0166109,0.7986526,-0.2435634,0.204536,-0.5108772,0.4954912,0.5033017,0.5728927,-0.4158964,0.7361029,-0.4699962,-0.3763721,0.3091927,0.2810274,0.1426856,-0.7401085,0.5940572
0.999912,0.002111576,-0.01298686,0.001750323,0.997768,0.007162923,-0.06431156,0.0164804,0.7983828,-0.2439005,0.2053219,-0.5108228,0.4946027,0.5023825,0.5735219,-0.4171961,0.7360875,-0.471187,-0.3752069,0.3088329,0.2855085,0.1334434,-0.741176,0.5927359
0.999912,0.002111576,-0.01298686,0.001750323,0.9978045,0.007333186,-0.06374954,0.01637776,0.7979707,-0.2444095,0.2064019,-0.5107881,0.4935203,0.5016307,0.5738608,-0.4189129,0.7361562,-0.4722166,-0.3743063,0.3081888,0.2892694,0.1250193,-0.7411749,0.5927505
0.9999208,0.001868357,-0.01233687,0.00161294,0.9978355,0.007617818,-0.06324262,0.01632164,0.7974457,-0.2450822,0.2076978,-0.5107606,0.4924853,0.5004746,0.5745829,-0.420521,0.736412,-0.4727219,-0.373512,0.3077661,0.2926719,0.1168694,-0.740194,0.5939678
0.9999257,0.001807631,-0.01196467,0.001529079,0.9978697,0.007984854,-0.06266198,0.01629912,0.796913,-0.2458251,0.2091102,-0.5106587,0.4917861,0.4984775,0.5761786,-0.4215267,0.7367283,-0.4728305,-0.3727838,0.3077254,0.2959728,0.1086997,-0.739538,0.5947001
0.9999307,0.00174722,-0.01155008,0.001483972,0.9979134,0.008473093,-0.06190876,0.01624805,0.7965145,-0.2464626,0.2104555,-0.5104202,0.4912431,0.4961281,0.578079,-0.422329,0.7366704,-0.4732244,-0.3722875,0.3078593,0.2990178,0.1005897,-0.7397028,0.5943988
0.9999357,0.001750715,-0.01112157,0.001405939,0.9979625,0.008985007,-0.06106213,0.01616501,0.7962979,-0.2468527,0.2116526,-0.5100747,0.4903128,0.4944473,0.5791213,-0.42395,0.7361966,-0.4741081,-0.3722696,0.3076546,0.3014485,0.09284524,-0.7413636,0.5923585
0.9999408,0.001749438,-0.01066713,0.001304564,0.9980071,0.009358155,-0.06030651,0.01603817,0.7961268,-0.2470383,0.2128514,-0.5097528,0.4891061,0.4935812,0.5790039,-0.426506,0.7351969,-0.475611,-0.3730931,0.3067262,0.3031975,0.08595415,-0.7440258,0.5891594
0.9999462,0.00173477,-0.01015802,0.001205245,0.9980447,0.009729591,-0.05964205,0.01596064,0.7955479,-0.2475252,0.2158675,-0.5091518,0.4880406,0.492722,0.5784878,-0.4294104,0.7339186,-0.4771538,-0.3745971,0.3055562,0.3045167,0.07947474,-0.7476151,0.584829
0.9999522,0.001738373,-0.009557846,0.001090512,0.9980815,0.0104819,-0.0589314,0.01582165,0.7950984,-0.2480013,0.2177345,-0.5088272,0.4870937,0.4915683,0.5780047,-0.4324477,0.7325619,-0.4783251,-0.3763547,0.3048202,0.3058092,0.07286867,-0.7521523,0.5791699
0.9999575,0.001784978,-0.008990112,0.0009976956,0.9980815,0.0104819,-0.0589314,0.01582165,0.7950984,-0.2480013,0.2177345,-0.5088272,0.4863008,0.4901604,0.5775896,-0.4354819,0.7314132,-0.478988,-0.3778468,0.3046914,0.3073671,0.0661893,-0.7577594,0.5717914
0.9999625,0.001849902,-0.008408787,0.0009675688,0.9981145,0.01109943,-0.05826698,0.01578073,0.7938749,-0.2496108,0.2218366,-0.5081783,0.4856219,0.4885122,0.5773701,-0.4383731,0.7303414,-0.4795434,-0.378755,0.3052607,0.3092148,0.05963684,-0.7636952,0.5635595
0.9999675,0.001898598,-0.007782366,0.0009323216,0.9981865,0.01159536,-0.05694727,0.01568989,0.7932717,-0.2505868,0.2239167,-0.5077274,0.4849165,0.4870701,0.57691,-0.4413543,0.729364,-0.48001,-0.3792918,0.3061962,0.3111871,0.05335936,-0.7696801,0.5548945
0.999972,0.001980811,-0.00716584,0.0009166722,0.9982178,0.01175768,-0.0563865,0.01560045,0.7926836,-0.2515242,0.2259176,-0.5072959,0.4840943,0.485741,0.5763277,-0.4444713,0.7284805,-0.4805096,-0.3795052,0.3072498,0.3130937,0.0474355,-0.7753698,0.5463735
0.9999761,0.00212792,-0.006519405,0.0009192767,0.9982494,0.01214796,-0.05577227,0.01548741,0.7922276,-0.2522911,0.2276566,-0.5068497,0.4825721,0.4830758,0.5750875,-0.4505954,0.7266783,-0.4813992,-0.3796913,0.3098837,0.3178778,0.03664266,-0.7859925,0.5289866
0.9999833,0.002460556,-0.005164483,0.0008330598,0.9982826,0.01222349,-0.05517988,0.01540915,0.7919592,-0.252801,0.2290975,-0.5063658,0.4818455,0.4821017,0.5735712,-0.4543336,0.725834,-0.4816361,-0.3791642,0.3121315,0.3212079,0.03141801,-0.7911558,0.5195296
0.9999864,0.002514629,-0.0045116,0.0007654076,0.99831,0.01220648,-0.05470503,0.01534034,0.7916643,-0.2532912,0.2304651,-0.5059611,0.4812014,0.4808171,0.5720705,-0.4582527,0.7247341,-0.4821633,-0.3780487,0.3152112,0.3253889,0.02653416,-0.7961673,0.5094464
0.9999889,0.002564619,-0.003903531,0.0006972348,0.9983328,0.01233403,-0.05426917,0.0153025,0.791253,-0.253998,0.231873,-0.5056068,0.4808712,0.4788826,0.5713149,-0.4615555,0.7233267,-0.4830242,-0.3765853,0.3188566,0.3299631,0.02193892,-0.8012092,0.4987053
0.9999908,0.002549522,-0.00338657,0.000724159,0.9983454,0.01238086,-0.05404034,0.01525212,0.7907937,-0.2550508,0.2334734,-0.5050586,0.4806985,0.4764931,0.571205,-0.4643362,0.7220482,-0.483755,-0.3745928,0.3229671,0.3350346,0.0178066,-0.8053946,0.4886455
0.9999924,0.002468219,-0.002915037,0.0007359619,0.9983622,0.01240418,-0.0537328,0.01522028,0.790406,-0.256236,0.2351282,-0.5042972,0.4807719,0.4736589,0.5717139,-0.4665286,0.7212524,-0.4842722,-0.371907,0.3270481,0.3407039,0.01454895,-0.8068165,0.4824485
0.9999937,0.00240648,-0.002499647,0.0007044316,0.9983811,0.0125694,-0.05335075,0.01518676,0.7901305,-0.2572249,0.2366469,-0.5035146,0.4809544,0.4705769,0.572454,-0.4685475,0.7209029,-0.4846927,-0.3682133,0.3313471,0.3469344,0.0125786,-0.8043379,0.4822021
0.9999942,0.002505607,-0.002192234,0.0007392132,0.9984,0.01275017,-0.052954,0.01518239,0.7899547,-0.2580042,0.2379585,-0.5027731,0.4812251,0.4674537,0.5731683,-0.4705182,0.7207764,-0.4851712,-0.3638995,0.3356594,0.3534004,0.01201652,-0.7982945,0.4875342
0.9999943,0.002630995,-0.00194387,0.0007979707,0.9984151,0.01286424,-0.05263689,0.0151944,0.7898647,-0.2585885,0.2389874,-0.5021258,0.4815494,0.4641056,0.5739484,-0.4725456,0.7208546,-0.4856571,-0.3594387,0.3395725,0.3597614,0.01199864,-0.7903041,0.4958298
0.9999946,0.002655714,-0.001754817,0.0008045498,0.9984286,0.01289876,-0.05234366,0.01529508,0.7897396,-0.2592762,0.2398569,-0.5015531,0.4820779,0.4603228,0.5754775,-0.4738454,0.720876,-0.4863121,-0.3551937,0.343039,0.3655211,0.01211458,-0.782331,0.5041885
0.999995,0.002615708,-0.001581623,0.0008093769,0.9984466,0.01275394,-0.05199679,0.01542695,0.789656,-0.2600664,0.2405813,-0.500928,0.4824352,0.4570144,0.5766037,-0.4753128,0.7209097,-0.4870787,-0.3512057,0.3459743,0.3705507,0.0121563,-0.7754181,0.511147
0.9999952,0.002620099,-0.001446144,0.0008179658,0.9984671,0.01254896,-0.05160986,0.01556672,0.7896101,-0.260707,0.2411156,-0.5004104,0.4826562,0.4541861,0.5773588,-0.4768802,0.720907,-0.4880596,-0.3476226,0.3482086,0.3747375,0.01195558,-0.7697793,0.5165935
0.9999954,0.0026589,-0.001302438,0.0007925574,0.9985014,0.01239226,-0.05094478,0.01568152,0.7896101,-0.260707,0.2411156,-0.5004104,0.4826908,0.4517652,0.5777779,-0.478634,0.7209951,-0.4888985,-0.3444469,0.3500007,0.3781723,0.01152283,-0.7650044,0.5211729
0.9999956,0.002653145,-0.001121358,0.0007822983,0.9985381,0.012504,-0.05016171,0.01577771,0.7895555,-0.2616984,0.2421595,-0.499474,0.4825888,0.4495285,0.5781131,-0.4804347,0.7210967,-0.4895623,-0.3416948,0.3515577,0.3808931,0.01107848,-0.7605293,0.5257308
0.9999957,0.002725023,-0.0008508295,0.0007672692,0.9985831,0.01255029,-0.04921182,0.01588374,0.7894101,-0.2624075,0.2427201,-0.4990597,0.4824313,0.4471383,0.5788468,-0.4819375,0.7211613,-0.4902394,-0.3395901,0.3525195,0.3829367,0.01091217,-0.7557556,0.5311064
0.9999954,0.002942443,-0.000499634,0.0007079681,0.9986317,0.01246228,-0.04821102,0.01597527,0.7891803,-0.2633129,0.2433731,-0.498628,0.4821367,0.4448998,0.5797856,-0.4831738,0.721253,-0.4908963,-0.3382057,0.352749,0.3842995,0.01103032,-0.7514336,0.5362273
0.9999948,0.003195239,-7.825097E-05,0.0006683274,0.9986734,0.01233494,-0.04734216,0.01605185,0.788919,-0.2643488,0.2441416,-0.4981174,0.48161,0.443178,0.5805023,-0.4844194,0.7213577,-0.4915075,-0.337555,0.3523068,0.385082,0.01135381,-0.7477668,0.5407661
0.999994,0.003378263,0.0004088343,0.0006194461,0.9987118,0.01208233,-0.04656686,0.01612691,0.7886528,-0.2653823,0.2450359,-0.49755,0.4809793,0.4419239,0.5810164,-0.4855742,0.7214652,-0.4919387,-0.3375284,0.3515093,0.3854669,0.01177741,-0.7450604,0.5442073
0.999993,0.003557581,0.001019013,0.0005834431,0.9987434,0.01184728,-0.04592362,0.0161889,0.7883693,-0.2663974,0.2460671,-0.4969476,0.480222,0.4411505,0.5814015,-0.4865647,0.72162,-0.4921711,-0.3378442,0.3505617,0.3856038,0.01219256,-0.7433162,0.5464815
0.9999914,0.003803663,0.001614565,0.0005160397,0.9987708,0.01162217,-0.04535949,0.01625903,0.7879758,-0.2673599,0.2472388,-0.4964731,0.4794332,0.440707,0.5818627,-0.4871927,0.7218159,-0.4922247,-0.3384261,0.3495201,0.3854761,0.01261977,-0.7422756,0.5479743
0.999989,0.004092974,0.002236552,0.0005367619,0.9987967,0.01144329,-0.04481269,0.01630285,0.7875434,-0.2682412,0.2484522,-0.4960778,0.4787662,0.4403733,0.5825409,-0.4873402,0.721957,-0.4922646,-0.3393121,0.3483114,0.3851842,0.01298381,-0.7415814,0.5491099
0.999989,0.004092974,0.002236552,0.0005367619,0.9988221,0.01131088,-0.04426865,0.01632616,0.7871794,-0.2689172,0.2495981,-0.495714,0.4782237,0.4401302,0.5833583,-0.4871145,0.7219867,-0.4923301,-0.3404872,0.3470081,0.3847336,0.01331619,-0.74092,0.5503092
0.9999828,0.004645114,0.003507785,0.000666466,0.9988468,0.01120433,-0.04373296,0.01633401,0.7869377,-0.2693505,0.2505821,-0.495366,0.4777968,0.4399697,0.5842052,-0.4866634,0.7218872,-0.4924844,-0.3418425,0.3456611,0.384184,0.01360939,-0.7402083,0.5516422
0.9999794,0.004907439,0.00407407,0.0006187455,0.99887,0.01122061,-0.0431996,0.0163282,0.78682,-0.2694484,0.251335,-0.4951182,0.4774574,0.4399256,0.5848932,-0.4862098,0.7217273,-0.4927145,-0.3432225,0.3442967,0.3835511,0.01388194,-0.7395437,0.5529656
0.9999794,0.004907439,0.00407407,0.0006187455,0.9988912,0.01132828,-0.04266551,0.01635849,0.7867775,-0.2693191,0.2518744,-0.4949821,0.4771551,0.4399944,0.5853922,-0.4858435,0.7214805,-0.4930339,-0.3445601,0.3430184,0.3829992,0.01419848,-0.738986,0.5540846
0.9999767,0.004660243,0.004959243,0.0006414125,0.9989085,0.01151315,-0.04217117,0.01645284,0.7868274,-0.2688467,0.252608,-0.4947857,0.4768665,0.440156,0.5857416,-0.4855592,0.7211139,-0.4934152,-0.3457423,0.3420502,0.3824582,0.0145088,-0.7385763,0.5549957
0.9999754,0.004496265,0.005340381,0.0006374797,0.9989285,0.01229406,-0.04139446,0.016645,0.7867976,-0.2687075,0.2529317,-0.4947432,0.4766207,0.44034,0.5860488,-0.4852628,0.7207481,-0.4937468,-0.3466688,0.3414044,0.3820256,0.01490332,-0.7381043,0.5559105
0.9999744,0.004503704,0.005533436,0.000670731,0.9989285,0.01229406,-0.04139446,0.016645,0.7867976,-0.2687075,0.2529317,-0.4947432,0.4764114,0.4404484,0.5863567,-0.4849982,0.720459,-0.49397,-0.3472733,0.3410772,0.3817382,0.01536848,-0.7374065,0.5570201
0.999974,0.004472858,0.005604969,0.0007198331,0.9989281,0.01405733,-0.04077085,0.01680864,0.78659,-0.2687421,0.2535376,-0.4947444,0.4762936,0.4405729,0.5865647,-0.4847493,0.7202417,-0.4940897,-0.3475887,0.3410413,0.3814932,0.01664398,-0.7353263,0.559894
0.9999747,0.004383603,0.005549304,0.0007491035,0.9989196,0.01525086,-0.04050339,0.01692531,0.7865146,-0.2687728,0.2536823,-0.4947735,0.4762035,0.4407392,0.5866542,-0.4845781,0.7199665,-0.4942187,-0.3474633,0.3415631,0.3813999,0.0173747,-0.7342238,0.5613802
0.9999775,0.004025864,0.005310357,0.0007638434,0.9989065,0.01649436,-0.04026478,0.01709382,0.7865434,-0.2686577,0.2536587,-0.4948024,0.4761413,0.4409454,0.5867629,-0.48432,0.7198897,-0.4943147,-0.347239,0.3418139,0.3812937,0.01809638,-0.7334167,0.5624834
0.9999791,0.003883493,0.005124292,0.0007774965,0.9988855,0.01773666,-0.0401697,0.01730698,0.786679,-0.2684315,0.2534451,-0.4948188,0.4760735,0.4411092,0.5866612,-0.4843606,0.7199264,-0.4943219,-0.3469967,0.3419723,0.3810954,0.01868518,-0.7329773,0.563171
0.9999806,0.003794726,0.004882575,0.0008222163,0.9988565,0.01898033,-0.04025298,0.01746514,0.7868235,-0.268189,0.2531245,-0.4948848,0.4759767,0.4413767,0.5864854,-0.484425,0.7200515,-0.49429,-0.3466871,0.3420689,0.3808053,0.01919457,-0.7328441,0.5635233
0.9999817,0.003839644,0.004611419,0.0008674707,0.9988355,0.02034125,-0.04004638,0.01760742,0.7869664,-0.2680795,0.2527657,-0.4949002,0.4759026,0.441668,0.586324,-0.4844278,0.7201816,-0.4943067,-0.3463868,0.3420752,0.3804845,0.01962625,-0.732843,0.5637265
0.9999825,0.003924731,0.004370833,0.0008587317,0.9988217,0.02179949,-0.03955477,0.01775718,0.7870795,-0.2680497,0.2522975,-0.4949755,0.4758367,0.4419875,0.5861902,-0.4843631,0.7202592,-0.4944332,-0.3462188,0.3418991,0.3801262,0.01995414,-0.7328508,0.5639465
0.9999825,0.003924731,0.004370833,0.0008587317,0.9988019,0.02243055,-0.03966078,0.01784491,0.7871653,-0.268089,0.2517877,-0.4950774,0.4757894,0.4423212,0.5860001,-0.4843349,0.7202174,-0.4947404,-0.3461589,0.3416031,0.3797687,0.02012686,-0.7328062,0.564239
0.999984,0.004027823,0.003842027,0.001054943,0.9987815,0.02275497,-0.0399717,0.01788564,0.7872133,-0.2681714,0.251281,-0.4952138,0.4757864,0.442605,0.5857283,-0.4844072,0.7200668,-0.4952053,-0.3462709,0.3411332,0.3793815,0.02010424,-0.732818,0.564485
0.9999845,0.004138278,0.003576431,0.00112504,0.9987552,0.02366582,-0.04012208,0.01783294,0.787212,-0.2682962,0.2508433,-0.4953703,0.4758297,0.4427961,0.58541,-0.4845749,0.7198404,-0.4957456,-0.3465822,0.3405097,0.3790016,0.01988884,-0.7329184,0.5646175
0.9999852,0.004186559,0.003286866,0.001139809,0.9987366,0.02449389,-0.04010178,0.01780108,0.7871333,-0.268538,0.2505994,-0.4954877,0.4758704,0.4429725,0.5849791,-0.4848941,0.7195814,-0.4962282,-0.3470127,0.3399152,0.3786286,0.0194974,-0.7331011,0.5646442
0.9999861,0.004184702,0.003047501,0.001098261,0.9987228,0.02481939,-0.04027053,0.0177436,0.7870055,-0.2688225,0.2506076,-0.4955322,0.4759322,0.443135,0.5844716,-0.4852964,0.719346,-0.4965879,-0.3474998,0.3393899,0.3782364,0.01897531,-0.7332885,0.5646816
0.9999861,0.004184702,0.003047501,0.001098261,0.9987129,0.02512164,-0.04034863,0.01769969,0.7868161,-0.2691992,0.2508273,-0.4955173,0.4760073,0.4432141,0.5840517,-0.4856561,0.7191757,-0.4968207,-0.3480292,0.3388673,0.3778387,0.01840628,-0.7334927,0.5647014
0.9999864,0.004289744,0.002682264,0.001248271,0.9986908,0.02559687,-0.04062404,0.01763647,0.7866355,-0.2695645,0.2511408,-0.4954468,0.4760579,0.4432461,0.5838313,-0.4858424,0.7189999,-0.4970309,-0.3486499,0.3382937,0.3773897,0.01780159,-0.7337397,0.5647002
0.9999869,0.004292496,0.002446124,0.001342703,0.9986697,0.02588636,-0.04096754,0.01761612,0.7865688,-0.2696769,0.2513009,-0.4954103,0.4761144,0.4433103,0.5837613,-0.4858125,0.7188029,-0.49726,-0.3493443,0.3376586,0.3769527,0.01718743,-0.7340621,0.564592
0.9999875,0.004262939,0.002197699,0.001391245,0.9986495,0.02616882,-0.04128181,0.01760344,0.7866514,-0.2694812,0.2511896,-0.495442,0.4762011,0.4433575,0.5838449,-0.485584,0.7185704,-0.4975104,-0.350084,0.337018,0.3764983,0.01663472,-0.7344671,0.564385
0.9999876,0.004362166,0.00198934,0.001389547,0.9986284,0.02656127,-0.04153372,0.01762237,0.7868537,-0.269044,0.2508698,-0.4955205,0.4762892,0.4434038,0.5840585,-0.4851982,0.718392,-0.4977168,-0.3507111,0.3364409,0.376019,0.01621086,-0.734883,0.5641755
0.9999873,0.004497801,0.001768988,0.001414302,0.9986079,0.0268834,-0.04180881,0.01764529,0.7871196,-0.2684942,0.2504616,-0.4956028,0.4763914,0.4434744,0.5842611,-0.4847893,0.7183273,-0.4977683,-0.3511777,0.3360161,0.3755597,0.01586391,-0.7352477,0.5640161
0.9999874,0.004565148,0.001539483,0.001440063,0.9985836,0.0271923,-0.04217512,0.01768262,0.7873533,-0.2679589,0.2501088,-0.4956992,0.476505,0.4436245,0.5843358,-0.4844502,0.7183159,-0.4977056,-0.351537,0.3357574,0.3751668,0.01557478,-0.7355286,0.5639192
0.9999877,0.004580422,0.001272392,0.001445136,0.9985556,0.02744102,-0.04264786,0.01773809,0.7874624,-0.2675928,0.2499069,-0.4958258,0.4766253,0.4438515,0.5843084,-0.4841567,0.718267,-0.4976951,-0.3519095,0.3354872,0.374827,0.0153385,-0.7357825,0.5638205
0.999988,0.004593129,0.0009664391,0.001436703,0.9985255,0.02769563,-0.04317439,0.01776459,0.787445,-0.2674317,0.2498784,-0.4959547,0.4767289,0.4440965,0.5842574,-0.4838917,0.7181406,-0.4977657,-0.3522563,0.335289,0.3745476,0.01512278,-0.7359856,0.5637469
0.999988,0.004654257,0.0007031405,0.001374997,0.9985048,0.02798877,-0.04343737,0.01782419,0.7874086,-0.2673337,0.2498858,-0.4960616,0.4768811,0.4443237,0.5841735,-0.4836344,0.7179573,-0.4978558,-0.3526336,0.3351514,0.3742771,0.01494039,-0.7361963,0.5636563
0.9999876,0.004766856,0.0004721313,0.00136014,0.9984769,0.02835274,-0.04383484,0.01784015,0.7874185,-0.2672489,0.2498494,-0.4961097,0.4770176,0.4445266,0.5840726,-0.483435,0.7177399,-0.4979827,-0.3530558,0.3349841,0.3739765,0.01479001,-0.73631,0.5637113
0.999987,0.004926734,0.0002348157,0.00132626,0.9984587,0.0284039,-0.04420177,0.01787363,0.7874763,-0.2670485,0.2496423,-0.4962302,0.4771901,0.4447385,0.5839133,-0.4832622,0.7175512,-0.4981105,-0.3534012,0.3348339,0.3736497,0.01465974,-0.736324,0.563913
0.9999862,0.005069728,-1.155377E-05,0.001351677,0.9984453,0.02845779,-0.04446007,0.01789678,0.7876022,-0.2667672,0.2492944,-0.4963567,0.4773617,0.4449843,0.583634,-0.4832039,0.7174201,-0.4981816,-0.3536556,0.3347403,0.3732641,0.01448843,-0.7364373,0.564025
0.9999856,0.005162647,-0.0002646343,0.001440811,0.9984308,0.0286126,-0.04467934,0.01790953,0.7877228,-0.266514,0.2489287,-0.4964847,0.4775403,0.4452197,0.5833935,-0.483101,0.717285,-0.4982673,-0.3539237,0.334619,0.3728293,0.01427612,-0.7366928,0.5639842
0.9999851,0.005227635,-0.0005079872,0.001505685,0.9984115,0.02877936,-0.04500763,0.01789933,0.7878425,-0.2663314,0.2485861,-0.4965645,0.4777036,0.4454308,0.5832094,-0.4829674,0.7171664,-0.4983691,-0.3541833,0.334447,0.3723931,0.01400734,-0.7369828,0.5639004
0.9999847,0.005238023,-0.0007651644,0.001540657,0.9983883,0.02904552,-0.04534207,0.01791928,0.7881274,-0.2659014,0.2479552,-0.4966582,0.4778583,0.4456474,0.5830071,-0.4828587,0.7170407,-0.4984955,-0.3544902,0.3342028,0.371998,0.01370527,-0.7373123,0.5637378
0.9999845,0.005240386,-0.00103557,0.001535893,0.9983618,0.02933274,-0.04572725,0.0179462,0.7882738,-0.2656695,0.2476916,-0.4966816,0.4779992,0.4458401,0.5828156,-0.4827726,0.716908,-0.4986545,-0.3548474,0.3338711,0.3716971,0.01340348,-0.737598,0.5635697
0.9999842,0.005245858,-0.001318531,0.00154612,0.9983358,0.02954932,-0.04613914,0.01798369,0.7882738,-0.2656695,0.2476916,-0.4966816,0.4781823,0.4459164,0.5827147,-0.4826424,0.7168035,-0.4987652,-0.3551681,0.3335887,0.3714271,0.01310366,-0.7377839,0.5635114
0.9999833,0.005344713,-0.001587098,0.001550852,0.9983122,0.02974216,-0.04651271,0.01801327,0.7884845,-0.2653263,0.2472851,-0.4967331,0.4783733,0.4460206,0.5825684,-0.4825335,0.7167056,-0.4988615,-0.3554277,0.3333787,0.3711561,0.01291906,-0.7378251,0.5636404
0.9999824,0.005456671,-0.001779134,0.001549988,0.9982898,0.02989671,-0.0468879,0.01803197,0.7885653,-0.265167,0.2470562,-0.4968039,0.4784993,0.4462077,0.5823581,-0.4824895,0.7166504,-0.4989202,-0.3555982,0.3332279,0.370858,0.01278912,-0.7379361,0.5636943
0.9999824,0.005456671,-0.001779134,0.001549988,0.9982668,0.03009883,-0.0472316,0.0180651,0.7885653,-0.265167,0.2470562,-0.4968039,0.4786125,0.4464095,0.5821755,-0.4824109,0.7166659,-0.4989236,-0.3557308,0.3330477,0.3705871,0.01264406,-0.7380632,0.5637091
0.9999812,0.005485082,-0.002196545,0.001662055,0.9982448,0.03037674,-0.04750163,0.01811181,0.7887659,-0.2647064,0.2466331,-0.4969411,0.4787062,0.44659,0.5820543,-0.4822971,0.7166719,-0.4988988,-0.3559109,0.3328796,0.3703533,0.01244133,-0.7382277,0.563652
0.9999807,0.005491816,-0.00235128,0.001694277,0.9982038,0.03079132,-0.0480632,0.01819379,0.7888561,-0.2644601,0.2464568,-0.4970165,0.47888,0.4468728,0.5819739,-0.4819597,0.716439,-0.4989867,-0.3566358,0.3324727,0.3698501,0.01189941,-0.7387349,0.5633296
0.9999796,0.005476105,-0.002655447,0.001942815,0.9981844,0.03097843,-0.04833327,0.01821588,0.7889366,-0.2642709,0.246337,-0.4970489,0.4789781,0.4470278,0.5818977,-0.4818104,0.7162555,-0.499136,-0.3570862,0.3321606,0.3695385,0.01172404,-0.7389893,0.563204
0.9999788,0.005511496,-0.002811363,0.002002204,0.9981644,0.03117607,-0.04861023,0.01824072,0.7890083,-0.2640955,0.2462239,-0.4970843,0.479071,0.4471811,0.5818643,-0.481616,0.7160718,-0.4992594,-0.3575068,0.3319187,0.3692185,0.01153594,-0.7392167,0.5631193
