0.9860945,0.0008315048,0.166183,-0.0002232331,0.9999989,-0.0007597643,0.001282889,0.000177191,0.8121544,0.1023153,-0.3982438,-0.4139308,0.5697924,-0.01459999,-0.7406073,0.355843,-0.803547,-0.2409071,-0.3374116,-0.4271175,-0.7093406,-0.1401957,-0.6863755,0.07790876
0.986096,0.0008414193,0.1661749,-0.0002131343,0.9999989,-0.0007360266,0.001288521,0.000167275,0.8122019,0.1025123,-0.3981376,-0.4138913,0.5697775,-0.01459272,-0.7406877,0.3557,-0.8035389,-0.2408352,-0.3372667,-0.4272878,-0.709445,-0.1401158,-0.6862885,0.07786847
0.9860921,0.0008537761,0.1661977,-0.0002108729,0.9999989,-0.000745314,0.001265126,0.0001549268,0.8122351,0.1027313,-0.3980499,-0.4138561,0.5697756,-0.01450882,-0.7407188,0.3556416,-0.8035502,-0.2407449,-0.3370723,-0.4274708,-0.7095059,-0.1400445,-0.6862496,0.0777856
0.9860935,0.0008322024,0.1661899,-0.0002069006,0.999999,-0.0007218352,0.001271325,0.0001756773,0.8122767,0.1029236,-0.3979509,-0.4138216,0.5697831,-0.0144198,-0.7407412,0.3555866,-0.8035703,-0.2406695,-0.3369148,-0.4275997,-0.709586,-0.1399654,-0.6861972,0.07765903
0.9860958,0.000837242,0.1661754,-0.0002249086,0.9999989,-0.0007375361,0.001282981,0.0001893205,0.8123516,0.1031444,-0.397839,-0.4137273,0.5697795,-0.01439536,-0.7407755,0.3555219,-0.8035237,-0.2407175,-0.3368794,-0.4276882,-0.7097138,-0.1398017,-0.6860994,0.07765078
0.9860934,0.0008374072,0.16619,-0.0002222394,0.999999,-0.000743594,0.001270755,0.000179635,0.8124297,0.103378,-0.3977077,-0.4136418,0.5697721,-0.01442429,-0.7408181,0.3554437,-0.8034831,-0.2407782,-0.3368735,-0.4277349,-0.709814,-0.1396738,-0.6860171,0.0776913
0.9860957,0.0008355628,0.1661763,-0.0002191333,0.9999988,-0.0006846993,0.001342479,0.0002715518,0.812445,0.1034643,-0.3976051,-0.4136888,0.5697649,-0.01443269,-0.7408936,0.3552977,-0.8035332,-0.240677,-0.3367619,-0.4277856,-0.7098792,-0.139724,-0.6859425,0.07766413
0.9860948,0.0008397038,0.1661814,-0.0002244427,0.9999988,-0.0006744791,0.001332455,0.0002841001,0.8124836,0.103587,-0.3974075,-0.4137723,0.5697588,-0.01437322,-0.7409443,0.355204,-0.8035229,-0.2405555,-0.3366,-0.4280004,-0.7099062,-0.1398449,-0.6859037,0.07754294
0.9860934,0.0008378431,0.1661898,-0.0002265632,0.9999989,-0.000677233,0.001315516,0.0003022371,0.8124738,0.1038128,-0.3972638,-0.4138727,0.5697667,-0.01428948,-0.7409089,0.3552686,-0.8035106,-0.2404974,-0.3364432,-0.4281796,-0.7099299,-0.1398655,-0.6858892,0.07741532
0.9860961,0.0008365805,0.1661738,-0.000217711,0.9999989,-0.0006692527,0.001330976,0.0002933874,0.8124833,0.1040751,-0.3971072,-0.4139388,0.5697927,-0.01418788,-0.740852,0.3553497,-0.8034801,-0.2405853,-0.3364215,-0.4282045,-0.7100053,-0.1396912,-0.6858442,0.07743745
0.9860967,0.0008275824,0.166171,-0.0002151567,0.9999989,-0.0006511184,0.001335171,0.0003010407,0.8125075,0.1042862,-0.3969363,-0.4140018,0.5698437,-0.01401552,-0.740779,0.355427,-0.8033718,-0.2407987,-0.3364908,-0.4282334,-0.7101389,-0.1394812,-0.6857199,0.07769334
0.9861007,0.0008413406,0.1661465,-0.0002295826,0.9999988,-0.000684033,0.001353881,0.0002840928,0.8125368,0.104522,-0.3967828,-0.4140321,0.569918,-0.01385814,-0.7407062,0.3554655,-0.8032271,-0.2409526,-0.3364967,-0.4284135,-0.7102445,-0.1393673,-0.6856086,0.07791255
0.9860967,0.0008377684,0.1661706,-0.0002193861,0.9999989,-0.0006700258,0.001328969,0.0002834279,0.8125238,0.1047925,-0.396717,-0.4140522,0.5700358,-0.01377448,-0.7406247,0.3554499,-0.8031526,-0.2409686,-0.3364597,-0.428573,-0.7103102,-0.1393252,-0.6855432,0.07796493
0.9861001,0.000839981,0.16615,-0.0002222674,0.9999988,-0.000672491,0.001360986,0.0002843466,0.8124598,0.1050925,-0.3967475,-0.4140725,0.5701663,-0.01368126,-0.7405238,0.3554545,-0.803152,-0.240905,-0.3363424,-0.4287022,-0.7103085,-0.1393272,-0.6855554,0.07786874
0.9861004,0.0008262566,0.1661487,-0.0002255458,0.9999989,-0.0006634921,0.001357461,0.0002935584,0.8124123,0.1053192,-0.3967615,-0.4140947,0.5702681,-0.0135307,-0.7404562,0.3554377,-0.8031727,-0.2407851,-0.3362088,-0.4288354,-0.7102539,-0.1394607,-0.6855956,0.07777426
0.9860999,0.0008214281,0.1661514,-0.0002312701,0.9999988,-0.0006558489,0.001355013,0.0003004697,0.8124681,0.1054541,-0.3966669,-0.4140416,0.5703009,-0.01343993,-0.740515,0.3552658,-0.8031975,-0.2406861,-0.3360948,-0.4289339,-0.7101791,-0.1396067,-0.6856474,0.07773874
0.9860994,0.0008161275,0.1661546,-0.0002187803,0.9999988,-0.000634619,0.001366182,0.0002913062,0.8125203,0.1055965,-0.3965873,-0.4139792,0.5703275,-0.01338633,-0.7405912,0.3550665,-0.803174,-0.240672,-0.3360259,-0.4290399,-0.7101566,-0.139671,-0.6856458,0.07784305
0.9861041,0.000807472,0.1661265,-0.0002219,0.9999988,-0.0006347074,0.001392234,0.0002921714,0.8125225,0.1056025,-0.3965807,-0.4139796,0.5704756,-0.01323191,-0.7405863,0.3548444,-0.8030888,-0.2406752,-0.3359832,-0.4292307,-0.7102001,-0.139734,-0.6855798,0.07791369
0.9861037,0.0008022267,0.166129,-0.0002313344,0.9999988,-0.0006433011,0.001395695,0.000296733,0.8124197,0.106134,-0.3966475,-0.4139813,0.5702974,-0.01335661,-0.7404931,0.3553205,-0.8030288,-0.2406714,-0.3358917,-0.4294168,-0.7102188,-0.1397436,-0.6855545,0.07794919
0.9861031,0.0008046055,0.1661326,-0.0002212203,0.9999988,-0.0006436493,0.001392487,0.0002786797,0.8123575,0.106423,-0.3966619,-0.4140154,0.5703605,-0.01314407,-0.7404806,0.3552531,-0.8029638,-0.2406745,-0.3357977,-0.4296102,-0.7102337,-0.1397541,-0.6855333,0.07798052
0.9861004,0.0007924345,0.1661482,-0.0002129712,0.9999988,-0.0006342436,0.001373615,0.0002761977,0.8123682,0.1066006,-0.3965575,-0.4140488,0.570379,-0.0132054,-0.7405395,0.3550983,-0.8029611,-0.2406726,-0.3356669,-0.4297183,-0.7102197,-0.1396915,-0.6855637,0.07795317
0.9861009,0.0007855212,0.1661458,-0.0002195832,0.9999989,-0.0006337541,0.001380657,0.0002751715,0.8124304,0.1067108,-0.3963635,-0.414084,0.5704081,-0.01323136,-0.7406376,0.3548459,-0.8029534,-0.2406685,-0.3355649,-0.4298149,-0.7102296,-0.1396466,-0.6855646,0.07793621
0.9861019,0.000783967,0.1661397,-0.0002161503,0.9999988,-0.0006348801,0.001397511,0.0002737459,0.8124253,0.1067183,-0.3963697,-0.4140863,0.570408,-0.01323134,-0.7406376,0.3548459,-0.8029037,-0.2407058,-0.3355269,-0.4299165,-0.7102214,-0.1397317,-0.6855458,0.07802363
0.9861034,0.0007844509,0.1661314,-0.0002040631,0.9999988,-0.0006333307,0.001405958,0.0002617469,0.8124253,0.1067184,-0.3963698,-0.4140863,0.570408,-0.0132313,-0.7406375,0.3548459,-0.8028641,-0.2407706,-0.3355117,-0.429966,-0.710273,-0.1398108,-0.6854722,0.0780595
0.9861034,0.0007847751,0.1661312,-0.0001984914,0.9999987,-0.000631022,0.001422149,0.000264131,0.8123798,0.1072771,-0.396312,-0.4140863,0.5705774,-0.01259148,-0.7405813,0.3547146,-0.8028726,-0.2407797,-0.3354657,-0.4299809,-0.7102212,-0.1397659,-0.6855392,0.07802206
0.9861072,0.0007762779,0.1661082,-0.0002017686,0.9999988,-0.0006264691,0.001420571,0.0002611108,0.8124185,0.1075282,-0.3962563,-0.4139986,0.5707554,-0.01263945,-0.7405828,0.354423,-0.8028789,-0.2407892,-0.3354481,-0.4299774,-0.710195,-0.1397737,-0.6855664,0.07800782
0.9861029,0.0007767277,0.1661339,-0.0002056989,0.9999989,-0.0006187559,0.001405633,0.0002774828,0.8124691,0.1077524,-0.3962513,-0.4138456,0.571043,-0.01283751,-0.7405752,0.3539682,-0.8028784,-0.2407852,-0.3354424,-0.429985,-0.7102295,-0.1396545,-0.6855593,0.07796843
0.9861042,0.0007693224,0.1661259,-0.0001963151,0.9999989,-0.0006164438,0.001410672,0.0002660936,0.8125185,0.1080036,-0.3963144,-0.4136226,0.5714685,-0.01295309,-0.7404416,0.3535568,-0.8028864,-0.2406773,-0.3354302,-0.43004,-0.7103048,-0.1396173,-0.6854931,0.07793195
0.9861048,0.0007748551,0.1661223,-0.000199488,0.9999989,-0.0006213125,0.001407731,0.0002705923,0.8127518,0.1082107,-0.3966045,-0.4128315,0.5725636,-0.01238934,-0.739998,0.3527327,-0.8029989,-0.2401108,-0.3352781,-0.4302654,-0.7102891,-0.1400902,-0.6854514,0.07759254
0.9861037,0.0007649297,0.1661294,-0.0002076996,0.9999988,-0.0006203495,0.001400011,0.0002767138,0.8133096,0.1080023,-0.3966684,-0.4117248,0.5731641,-0.01215096,-0.7400791,0.3515939,-0.8031168,-0.2396392,-0.3351754,-0.4303881,-0.710217,-0.1404821,-0.6854725,0.07735733
0.9861039,0.0007629583,0.1661279,-0.0002080132,0.9999988,-0.0006223759,0.001399158,0.0002819302,0.8144292,0.1072541,-0.3967312,-0.4096413,0.573877,-0.01206644,-0.7405279,0.3494823,-0.8032569,-0.2391039,-0.3350766,-0.4305013,-0.710075,-0.1409495,-0.6855486,0.0771348
0.9861032,0.0007681547,0.1661323,-0.0001940982,0.9999988,-0.0006243367,0.001384285,0.0002619151,0.8161209,0.1058635,-0.3971289,-0.4062367,0.5748492,-0.01218366,-0.7411602,0.3465278,-0.8033965,-0.2385459,-0.3350034,-0.4306074,-0.7098597,-0.1414111,-0.6856979,0.07694493
0.986106,0.0007607161,0.166115,-0.0002022437,0.9999988,-0.0006201403,0.00140084,0.0002550894,0.8182462,0.1037073,-0.3980943,-0.4015456,0.576112,-0.01231843,-0.7417797,0.3430832,-0.8035413,-0.2379194,-0.3349594,-0.4307179,-0.7096272,-0.1417804,-0.6858928,0.07667299
0.9861087,0.0007537822,0.1660992,-0.0002032882,0.9999987,-0.0006235597,0.00142322,0.0002792231,0.820546,0.1007372,-0.3998678,-0.3958056,0.5774494,-0.01224428,-0.7422647,0.3397727,-0.8036492,-0.2373376,-0.3350209,-0.4307896,-0.7094476,-0.1420687,-0.686049,0.07640249
0.986106,0.000755849,0.1661152,-0.000199239,0.9999989,-0.0006140318,0.001408532,0.0002838837,0.8227307,0.09686571,-0.4028848,-0.389121,0.5790648,-0.01187044,-0.7423842,0.336762,-0.803736,-0.2367713,-0.3352402,-0.4307689,-0.7092929,-0.1422544,-0.6862052,0.07609145
0.9861072,0.0007661617,0.1661087,-0.0001929312,0.9999987,-0.0006240756,0.001412105,0.0002595046,0.8251261,0.09174961,-0.4067439,-0.3811935,0.5808796,-0.01162166,-0.7425789,0.3331973,-0.8038337,-0.2362299,-0.3355347,-0.4306545,-0.7091105,-0.1423969,-0.6864015,0.07575219
0.9861062,0.0007534134,0.1661142,-0.0001964146,0.9999988,-0.0006094776,0.001402949,0.0002688704,0.8280158,0.08500498,-0.4109849,-0.3718271,0.5827703,-0.012396,-0.7433867,0.3280266,-0.8039194,-0.2357775,-0.3359149,-0.4304461,-0.7089776,-0.142381,-0.6865883,0.07533194
0.9861069,0.0007479468,0.1661101,-0.000184291,0.9999989,-0.0006081729,0.001402034,0.0002521347,0.8310083,0.07640748,-0.4153652,-0.3620206,0.5844395,-0.01302612,-0.7447357,0.3219156,-0.8038921,-0.2354084,-0.3364012,-0.430319,-0.708899,-0.1423663,-0.6867179,0.07491819
0.9861076,0.0007617929,0.1661062,-0.0001904521,0.9999988,-0.0006240958,0.001405903,0.0002686457,0.8335394,0.06651973,-0.4203903,-0.3522202,0.5857345,-0.01256795,-0.7458659,0.3169245,-0.8037678,-0.2351868,-0.3370884,-0.4301347,-0.7089079,-0.1423101,-0.6867577,0.07457444
0.9861064,0.0007457925,0.1661134,-0.0001847429,0.9999989,-0.0005919932,0.001396947,0.0002722174,0.835706,0.05584887,-0.4262384,-0.3417561,0.586845,-0.01178246,-0.7465261,0.3133257,-0.8035616,-0.2350457,-0.3380842,-0.4298156,-0.7089837,-0.1423008,-0.6867017,0.07438729
0.9861076,0.0007629919,0.1661058,-0.0001995075,0.9999988,-0.0006264707,0.001412043,0.0002971543,0.8378784,0.04374639,-0.4322422,-0.3304735,0.5876013,-0.01059938,-0.7472712,0.3101585,-0.8033725,-0.2347827,-0.3391712,-0.4294564,-0.7090803,-0.1424725,-0.6865991,0.07408433
0.9861055,0.0007654463,0.1661185,-0.0001964363,0.9999988,-0.0006251442,0.001388822,0.0002796633,0.8402158,0.02991829,-0.4380562,-0.3181967,0.5879868,-0.009003798,-0.7484437,0.3066309,-0.8032144,-0.2343842,-0.3402078,-0.4291495,-0.7091228,-0.1429256,-0.6864987,0.07373443
0.9861066,0.0007445474,0.1661122,-0.0001935706,0.9999989,-0.0005970309,0.001409753,0.0002941458,0.8423315,0.01490501,-0.4441673,-0.3049113,0.5883269,-0.007368618,-0.7494454,0.3035603,-0.8031064,-0.2338888,-0.3410233,-0.4289748,-0.7090427,-0.1435202,-0.6864945,0.0733882
0.9861075,0.000749636,0.166107,-0.0001794239,0.9999988,-0.0006044849,0.001412795,0.0002829561,0.8434649,0.0004603181,-0.4518859,-0.290458,0.5890599,-0.006921795,-0.7491075,0.3029824,-0.8029608,-0.233403,-0.3416979,-0.428975,-0.708886,-0.1440754,-0.6865812,0.07300145
0.9861079,0.0007452228,0.1661046,-0.0001753849,0.9999988,-0.0005977941,0.001408555,0.0002840185,0.8434348,-0.01259603,-0.4612845,-0.2750922,0.590102,-0.007912654,-0.7472721,0.3054532,-0.802875,-0.2329657,-0.3421692,-0.4289978,-0.7085949,-0.1444658,-0.68684,0.0726203
0.9861056,0.0007278206,0.1661179,-0.0001723282,0.9999989,-0.0005770283,0.001387252,0.0002859862,0.8427003,-0.02529617,-0.4710355,-0.2595033,0.5909818,-0.009901592,-0.7450665,0.3090603,-0.8029434,-0.2324514,-0.3423518,-0.4290029,-0.708196,-0.1446952,-0.687255,0.07212694
0.9861042,0.0007260999,0.166126,-0.0001740198,0.9999989,-0.0005853556,0.001385879,0.0002807934,0.841689,-0.03824238,-0.4802475,-0.2438436,0.5916097,-0.01291906,-0.7430328,0.3126237,-0.8030128,-0.2319624,-0.3422785,-0.4291962,-0.7078678,-0.1448396,-0.6876063,0.07170977
0.9861048,0.0007479005,0.1661226,-0.0001638104,0.9999989,-0.0005993141,0.001387753,0.0002678829,0.840474,-0.05122504,-0.4887984,-0.2281568,0.5920396,-0.01705666,-0.7410201,0.316366,-0.8029374,-0.2316494,-0.3421049,-0.4296444,-0.7077641,-0.1448498,-0.687724,0.07158533
0.9861041,0.000733764,0.1661272,-0.0001677382,0.9999989,-0.0005818651,0.001395963,0.0002516515,0.8388228,-0.06335888,-0.4970227,-0.212909,0.5924021,-0.02213915,-0.7387034,0.3207603,-0.8027973,-0.2315505,-0.3419237,-0.4301035,-0.7078906,-0.1445034,-0.6876583,0.07166584
0.9861059,0.0007286648,0.1661163,-0.0001700511,0.9999989,-0.000595371,0.001414604,0.0002604256,0.8367184,-0.07427499,-0.504969,-0.1984736,0.5928041,-0.02801834,-0.7358935,0.3259738,-0.8026978,-0.2316208,-0.3417868,-0.43036,-0.7082142,-0.1438462,-0.6874447,0.07183901
0.986107,0.0007352444,0.1661098,-0.0001721825,0.9999989,-0.0005870374,0.001412546,0.0002524516,0.834395,-0.0845726,-0.5122115,-0.1851266,0.5930374,-0.03476062,-0.7332245,0.3308779,-0.802648,-0.2316931,-0.3415979,-0.430564,-0.7085663,-0.1431621,-0.687196,0.07211233
0.9861052,0.0007297332,0.1661203,-0.0001655789,0.9999989,-0.0005874372,0.001398217,0.0002434697,0.832085,-0.09445274,-0.5182912,-0.1734574,0.5927703,-0.04211478,-0.7313694,0.3345874,-0.8027165,-0.2314972,-0.3411136,-0.4309256,-0.70884,-0.142879,-0.6869565,0.07226619
0.9861051,0.0007416415,0.166121,-0.0001637395,0.9999988,-0.00059551,0.001396302,0.0002593336,0.8297545,-0.1042305,-0.5233118,-0.163671,0.5923508,-0.04976486,-0.7304469,0.3362907,-0.8030248,-0.2309198,-0.3402638,-0.4313325,-0.7089903,-0.1428447,-0.6868298,0.07206263
0.9861047,0.0007350895,0.1661233,-0.0001532025,0.9999989,-0.0005843772,0.001381828,0.0002662155,0.8274871,-0.1137633,-0.5274814,-0.1551983,0.5921315,-0.05763962,-0.7300533,0.3362741,-0.8035357,-0.2300967,-0.3390851,-0.4317489,-0.7089735,-0.1429151,-0.6868879,0.07153258
0.9861042,0.0007417207,0.1661264,-0.0001566136,0.9999989,-0.0006049428,0.001385538,0.0002623898,0.8252666,-0.1228157,-0.5310328,-0.1478363,0.5922018,-0.0650252,-0.7298418,0.3352609,-0.8041999,-0.2291293,-0.3376429,-0.4321569,-0.7088239,-0.1429765,-0.6871092,0.07076261
0.9861051,0.0007324108,0.1661208,-0.0001492331,0.9999989,-0.0005922855,0.001391029,0.0002497746,0.8232592,-0.1312439,-0.5339462,-0.1411417,0.5924098,-0.07131503,-0.7293721,0.3346359,-0.8049006,-0.2280979,-0.3361327,-0.432575,-0.7086897,-0.1429496,-0.6873457,0.06985889
0.9861033,0.0007290432,0.1661317,-0.0001507291,0.9999988,-0.0005734334,0.001398046,0.0002616448,0.8214071,-0.1380813,-0.5366391,-0.1350645,0.5926239,-0.07665518,-0.7281017,0.3358404,-0.8054644,-0.2272346,-0.3347614,-0.4330429,-0.7086681,-0.1428146,-0.6874641,0.06918507
0.9861041,0.0007465418,0.1661268,-0.0001568428,0.9999989,-0.0005846993,0.001404086,0.0002500948,0.8196317,-0.1430844,-0.5392348,-0.1302172,0.5925175,-0.08070968,-0.7262737,0.3390216,-0.8058773,-0.2266558,-0.3336549,-0.433432,-0.7087219,-0.1425556,-0.6874999,0.0688124
0.9861063,0.0007455961,0.1661137,-0.0001329283,0.9999989,-0.0005802459,0.00141041,0.0002230357,0.8180199,-0.1463925,-0.5416387,-0.1266507,0.5923191,-0.08384898,-0.7241618,0.3430993,-0.8062196,-0.2263132,-0.3327803,-0.433647,-0.7091925,-0.1417798,-0.6871586,0.06897628
0.9861084,0.0007333003,0.1661015,-0.0001522394,0.9999988,-0.0005696555,0.001422747,0.0002367646,0.8165202,-0.148374,-0.5438932,-0.1243387,0.5922005,-0.08664832,-0.7220993,0.3469343,-0.8064606,-0.2261011,-0.3321612,-0.433784,-0.7087936,-0.1421778,-0.6875131,0.06872384
0.986109,0.0007475424,0.1660979,-0.0001573795,0.9999989,-0.0005776639,0.001413921,0.0002322973,0.8152269,-0.1496247,-0.5457549,-0.1231627,0.5919892,-0.08977181,-0.720633,0.3495395,-0.8067102,-0.2259981,-0.3314639,-0.4339071,-0.7090685,-0.1417101,-0.6873195,0.0687888
0.9861097,0.000736942,0.1660938,-0.0001498957,0.9999988,-0.0005758165,0.001428781,0.0002283141,0.8144539,-0.1501546,-0.5468078,-0.1229618,0.59146,-0.09360251,-0.7202027,0.3503169,-0.8067131,-0.2259996,-0.3314502,-0.4339111,-0.7093,-0.1414336,-0.6871392,0.06877454
0.9861119,0.0007362294,0.1660808,-0.0001422348,0.9999988,-0.0005839766,0.001434435,0.0002206621,0.8145409,-0.1478135,-0.5466371,-0.1259453,0.5889142,-0.09665497,-0.7215035,0.3510991,-0.80684,-0.2262013,-0.3309831,-0.4339268,-0.7090525,-0.141411,-0.6873996,0.06877057
0.9861116,0.0007247746,0.1660824,-0.0001462417,0.9999988,-0.0005619287,0.001444889,0.0002194947,0.8145329,-0.1478154,-0.5466506,-0.1259366,0.5894769,-0.1023908,-0.7220467,0.3473926,-0.8069064,-0.2263584,-0.3308361,-0.4338334,-0.7089766,-0.1413525,-0.6874904,0.06876609
0.9861131,0.0007465542,0.1660739,-0.0001522022,0.9999988,-0.0005806967,0.001440056,0.0002079561,0.815115,-0.145165,-0.5456151,-0.1296879,0.5913194,-0.1101318,-0.7235272,0.3387048,-0.8067953,-0.2267108,-0.3309225,-0.4337901,-0.7089266,-0.1414047,-0.6875029,0.06904854
0.9861144,0.0007418308,0.1660656,-0.0001541294,0.9999988,-0.0005688145,0.001459508,0.0002237828,0.8175519,-0.1368658,-0.5412295,-0.141235,0.5852386,-0.1066206,-0.72833,0.340093,-0.8065731,-0.2271623,-0.3311384,-0.4338024,-0.708966,-0.1414245,-0.6874125,0.06950174
0.9861147,0.0007465433,0.1660637,-0.0001562541,0.9999987,-0.0005826849,0.001459648,0.0002216089,0.8192669,-0.1308932,-0.5381457,-0.1485532,0.5833548,-0.1046313,-0.7304569,0.3393849,-0.8063285,-0.227512,-0.3313061,-0.4339458,-0.709045,-0.1414311,-0.6872996,0.06979773
0.9861157,0.0007545162,0.1660578,-0.0001575694,0.9999987,-0.000594108,0.001463417,0.000224971,0.8210531,-0.124108,-0.5346876,-0.1567739,0.5818709,-0.1015127,-0.7323974,0.3386967,-0.8061053,-0.2276444,-0.3313289,-0.4342734,-0.7091516,-0.1414702,-0.6871796,0.06981693
0.9861137,0.0007523846,0.1660697,-0.0001597474,0.9999987,-0.0005975434,0.001451955,0.0002224394,0.8210548,-0.1241011,-0.5346872,-0.1567724,0.589471,-0.1025923,-0.7296487,0.3310765,-0.8059332,-0.2277008,-0.3312206,-0.4346459,-0.7092108,-0.1414967,-0.6871191,0.06975767
0.9861144,0.0007537652,0.1660653,-0.0001655834,0.9999987,-0.0006060167,0.001458498,0.0002208885,0.8210561,-0.1240919,-0.5346879,-0.1567702,0.5984818,-0.1035903,-0.7263491,0.3217231,-0.8057678,-0.2278438,-0.3310328,-0.4350206,-0.7092064,-0.1415024,-0.6871159,0.06982272
0.9861125,0.0007779248,0.1660771,-0.0001743219,0.9999987,-0.0006428671,0.001455072,0.0002182329,0.8259288,-0.09993736,-0.5211112,-0.1905186,0.5806314,-0.08366857,-0.7389178,0.3314624,-0.8055137,-0.2282006,-0.330878,-0.4354216,-0.7092459,-0.1414386,-0.6870534,0.07016404
0.9861114,0.0007574265,0.1660835,-0.0001564992,0.9999987,-0.0006083905,0.001451186,0.0002200434,0.8282142,-0.08969058,-0.5141553,-0.2041107,0.5804879,-0.07572678,-0.7415162,0.3278003,-0.8052645,-0.2286052,-0.3307511,-0.4357664,-0.7093424,-0.1412208,-0.6869628,0.07051439
0.9861136,0.0007683753,0.1660703,-0.0001635812,0.9999987,-0.0006180617,0.001449736,0.0002128359,0.8310621,-0.0778487,-0.5057936,-0.2178259,0.5805984,-0.06760103,-0.7435663,0.324723,-0.8050641,-0.228943,-0.3306455,-0.4360396,-0.709547,-0.1408072,-0.6868341,0.0705364
0.9861129,0.0007780737,0.1660746,-0.0001783914,0.9999987,-0.0006225501,0.001444718,0.0002351773,0.8335597,-0.06484277,-0.4966104,-0.2331346,0.5815443,-0.0573681,-0.7448068,0.3221459,-0.8048359,-0.2294167,-0.3305666,-0.4362718,-0.7097814,-0.1404309,-0.6866574,0.07064933
0.9861151,0.0007767833,0.1660614,-0.000190456,0.9999987,-0.0006242553,0.001450545,0.0002437392,0.8351794,-0.05057561,-0.487117,-0.2502692,0.5840741,-0.04535323,-0.7451447,0.3186845,-0.804673,-0.2300144,-0.3304859,-0.4363185,-0.7097939,-0.1402979,-0.686635,0.0710045
0.9861164,0.0007712837,0.1660537,-0.0001928135,0.9999987,-0.0006175915,0.001464377,0.0002570812,0.8362951,-0.03502305,-0.4767808,-0.2684475,0.5878882,-0.03263694,-0.7451667,0.3131277,-0.8045959,-0.2307929,-0.3304791,-0.4360547,-0.7095339,-0.140322,-0.6868181,0.07177892
0.9861178,0.0007772533,0.1660452,-0.0001933365,0.9999987,-0.0006208864,0.001469421,0.0002591614,0.8378841,-0.01796717,-0.4647278,-0.2857542,0.5922667,-0.02155819,-0.7451137,0.3058774,-0.8044951,-0.231673,-0.3305591,-0.4357132,-0.7091278,-0.1404526,-0.6871036,0.0727986
0.9861189,0.0007819335,0.1660386,-0.0001953592,0.9999987,-0.000636439,0.001464811,0.0002588654,0.8395873,0.0009067658,-0.4517235,-0.3017254,0.5978987,-0.01254454,-0.7436117,0.2990009,-0.8044638,-0.2324032,-0.3305376,-0.4353982,-0.7085398,-0.1405904,-0.6875734,0.07381495
0.9861195,0.0007611549,0.1660352,-0.0002107298,0.9999987,-0.0006222681,0.001467995,0.0002818134,0.8407651,0.02078895,-0.4380336,-0.3175038,0.6052065,-0.003606557,-0.7404778,0.2922409,-0.8046328,-0.2329028,-0.3303064,-0.4349943,-0.7077465,-0.140444,-0.6883582,0.07438642
0.9861206,0.0007701499,0.166029,-0.0001930835,0.9999987,-0.0006217943,0.001474896,0.0002623643,0.8405945,0.04057664,-0.4243916,-0.3341351,0.6151276,0.007985212,-0.7350544,0.2850429,-0.8049693,-0.2332079,-0.3298079,-0.4345864,-0.7067667,-0.1399351,-0.6894642,0.07441944
0.9861219,0.0007664067,0.1660211,-0.0001966041,0.9999987,-0.0006367164,0.001477467,0.0002680666,0.8396748,0.05877465,-0.4103039,-0.3509168,0.6273457,0.0224085,-0.7280526,0.2754538,-0.8051704,-0.2337132,-0.3292845,-0.4343393,-0.7056128,-0.1394751,-0.6907204,0.074583
0.9861224,0.0007835765,0.1660184,-0.000196814,0.9999987,-0.0006390122,0.001484831,0.0002625809,0.8392708,0.07531998,-0.3959253,-0.3649585,0.6404015,0.03720971,-0.7200856,0.264534,-0.8051935,-0.2343505,-0.3289992,-0.4341692,-0.704434,-0.139111,-0.6919523,0.07498696
0.9861234,0.0007686744,0.1660119,-0.000207484,0.9999987,-0.0006206516,0.001492852,0.0002764478,0.8384759,0.09105559,-0.3816504,-0.3781666,0.6543343,0.05341708,-0.7102143,0.2541437,-0.8051888,-0.235081,-0.3289407,-0.433827,-0.703144,-0.1393486,-0.6931302,0.0757705
0.9861252,0.0007742276,0.1660017,-0.000206868,0.9999986,-0.0006329592,0.001496726,0.000271314,0.836804,0.1054129,-0.3686956,-0.3907822,0.6699146,0.07125542,-0.697684,0.2436682,-0.8052285,-0.2357425,-0.3290829,-0.4332864,-0.7019726,-0.1398365,-0.6941257,0.07661402
0.9861256,0.0007695563,0.1659993,-0.0002053724,0.9999986,-0.0006465617,0.001495136,0.0002707372,0.8349735,0.1175025,-0.3577956,-0.4012415,0.6869642,0.08947758,-0.6828868,0.2318177,-0.8052867,-0.2363341,-0.3291042,-0.4328395,-0.7009549,-0.1405622,-0.6949321,0.07729133
0.9861257,0.0007755174,0.1659983,-0.0002080882,0.9999986,-0.0006427735,0.00150097,0.0002674448,0.8335103,0.128221,-0.3497973,-0.4079974,0.704716,0.1086895,-0.6654961,0.2206288,-0.8053195,-0.2370012,-0.3288974,-0.4325708,-0.7001382,-0.14114,-0.6955829,0.07778469
0.9861243,0.0007931882,0.1660068,-0.0002107693,0.9999987,-0.0006744168,0.001493414,0.0002642314,0.8319182,0.1374962,-0.344394,-0.4127949,0.7219967,0.1312062,-0.645676,0.2112062,-0.8054002,-0.2376518,-0.3283582,-0.4324731,-0.69946,-0.1414449,-0.6962124,0.07769985
0.9861283,0.0007856547,0.1659832,-0.0002134756,0.9999987,-0.0006664735,0.001491417,0.0002699376,0.8299212,0.145307,-0.3413579,-0.4166432,0.7384018,0.1548479,-0.6243625,0.2023767,-0.8055046,-0.2384198,-0.3278429,-0.4322469,-0.6990703,-0.1412211,-0.696701,0.07723389
0.9861291,0.0007925091,0.165978,-0.0002272351,0.9999986,-0.000681194,0.00149447,0.0002880433,0.8274933,0.1536103,-0.3413432,-0.4185017,0.7549959,0.1727359,-0.6027697,0.1918651,-0.8055629,-0.2393142,-0.3276368,-0.4318001,-0.6990784,-0.1405858,-0.6968874,0.07663459
0.9861308,0.0007724544,0.1659685,-0.0002241728,0.9999987,-0.0006585642,0.001503844,0.0002802056,0.8242924,0.1631642,-0.3437229,-0.4192541,0.7718815,0.1833004,-0.5813966,0.1804935,-0.805487,-0.2403251,-0.3278406,-0.4312252,-0.6994551,-0.1397954,-0.6967255,0.07611428
0.9861287,0.0007766912,0.1659805,-0.0002150937,0.9999987,-0.0006620715,0.001478119,0.000249996,0.820935,0.1723767,-0.3470404,-0.4194222,0.7881427,0.1899987,-0.5606682,0.1684717,-0.8053255,-0.2413712,-0.3282963,-0.4305953,-0.7000252,-0.1391427,-0.6963239,0.07574385
0.9861293,0.0007825202,0.1659768,-0.0002182687,0.9999986,-0.0006627394,0.001487731,0.0002417652,0.8176308,0.1817319,-0.3511969,-0.4184665,0.8027396,0.1939923,-0.5413942,0.1576973,-0.8051665,-0.2423723,-0.3289391,-0.4298389,-0.7006062,-0.1386055,-0.6958779,0.07545434
0.9861297,0.0007778083,0.1659745,-0.0002249743,0.9999986,-0.0006592165,0.001489982,0.0002491648,0.8141321,0.1912084,-0.3559838,-0.4170177,0.8147918,0.1972755,-0.5240815,0.1501178,-0.8050693,-0.2432382,-0.3296612,-0.4289779,-0.7010317,-0.1382793,-0.6955495,0.07512789
0.9861285,0.0007796896,0.1659818,-0.0002336333,0.9999987,-0.0006496203,0.001468637,0.0002513453,0.8105536,0.2000501,-0.3606358,-0.4158422,0.8239391,0.2012377,-0.5092877,0.145787,-0.805043,-0.2438898,-0.3303611,-0.4281182,-0.7012134,-0.1380525,-0.6954651,0.07462969
0.9861302,0.0007678231,0.165972,-0.0002335429,0.9999987,-0.0006517438,0.001487578,0.0002662734,0.8073254,0.2077219,-0.3642894,-0.4151753,0.8304824,0.2049398,-0.4977299,0.1434006,-0.8051559,-0.2442805,-0.3308788,-0.4272823,-0.7011203,-0.1378977,-0.6956707,0.07387082
0.9861282,0.0007674597,0.1659835,-0.0002367781,0.9999987,-0.000660922,0.001462663,0.0002512304,0.8048626,0.2133776,-0.3662318,-0.41538,0.8349939,0.2079086,-0.4894215,0.1415127,-0.8053032,-0.2445843,-0.3313529,-0.426463,-0.7004791,-0.1386357,-0.6962836,0.07279016
0.9861307,0.0007612461,0.1659692,-0.000238897,0.9999986,-0.0006271598,0.001483808,0.0002548344,0.8036406,0.2173265,-0.36502,-0.416763,0.8394179,0.2111499,-0.4822207,0.1351161,-0.8055767,-0.2449105,-0.332099,-0.4251767,-0.7003725,-0.1379133,-0.6965629,0.07251567
0.9861345,0.0007677153,0.1659461,-0.0002330541,0.9999987,-0.00065281,0.001494403,0.0002510545,0.8043232,0.2171525,-0.3630019,-0.4172992,0.8400261,0.2111842,-0.4820574,0.1318258,-0.8055944,-0.2450276,-0.3323126,-0.424909,-0.7001777,-0.1381901,-0.696687,0.07267688
0.986134,0.0007670315,0.1659491,-0.0002329869,0.9999986,-0.0006595204,0.001488902,0.0002479823,0.8053936,0.216083,-0.3604768,-0.4179782,0.8396361,0.2110151,-0.4834799,0.1293474,-0.8056114,-0.2450823,-0.3323458,-0.4248191,-0.7000012,-0.1383496,-0.6968007,0.0729827
0.9861355,0.0007567166,0.16594,-0.000222705,0.9999987,-0.0006508003,0.001496639,0.0002426485,0.8066338,0.2141941,-0.3576568,-0.4189804,0.8386338,0.2109051,-0.4857647,0.1274561,-0.8057057,-0.2449859,-0.3321824,-0.4248238,-0.6998491,-0.1382246,-0.6969741,0.0730228
0.9861364,0.0007552252,0.165935,-0.0002176222,0.9999987,-0.0006414036,0.001507252,0.0002262613,0.8078108,0.2119166,-0.3550779,-0.4200629,0.8375445,0.2103184,-0.488292,0.1259221,-0.8058239,-0.2447094,-0.3319163,-0.4249666,-0.6997921,-0.1379408,-0.6971098,0.07281044
0.98614,0.0007416874,0.1659139,-0.000192505,0.9999986,-0.0006221579,0.00152806,0.000226781,0.808719,0.2097584,-0.3531689,-0.4210069,0.8365412,0.2091608,-0.4907552,0.1249394,-0.8059166,-0.2443874,-0.3316205,-0.425207,-0.6998286,-0.1377372,-0.6971331,0.07262154
0.9861414,0.0007575672,0.165905,-0.0002078132,0.9999986,-0.0006467289,0.001522627,0.0002304826,0.809311,0.2080345,-0.3520034,-0.4217002,0.8357149,0.2075145,-0.4929688,0.1244991,-0.8059838,-0.2440839,-0.3313874,-0.4254357,-0.6998875,-0.1376328,-0.6971071,0.07250075
0.9861428,0.000753676,0.165897,-0.000212416,0.9999986,-0.0006538684,0.001537243,0.0002575075,0.8094026,0.2069308,-0.35168,-0.4223366,0.8351943,0.2056631,-0.4945557,0.1247709,-0.8060612,-0.2438674,-0.3312383,-0.4255293,-0.6999597,-0.1375295,-0.6970613,0.07244004
0.9861439,0.0007512189,0.1658902,-0.0002165717,0.9999986,-0.0006492638,0.001531563,0.0002482357,0.8091295,0.206322,-0.3520356,-0.4228614,0.834895,0.2040352,-0.4954925,0.1257266,-0.8061222,-0.2436533,-0.3312648,-0.4255158,-0.7000951,-0.1374317,-0.6969565,0.07232735
0.9861436,0.0007572889,0.1658919,-0.0002202554,0.9999986,-0.0006628953,0.001544712,0.0002499932,0.8085476,0.2061449,-0.3529258,-0.4233184,0.8348282,0.2024811,-0.4958759,0.1271631,-0.8062211,-0.2433984,-0.3313386,-0.4254169,-0.7002742,-0.1373162,-0.6968308,0.07202123
0.986143,0.000769033,0.1658956,-0.0002091322,0.9999986,-0.0006757586,0.001538728,0.0002421672,0.8077878,0.2062151,-0.3541293,-0.4237296,0.8350386,0.2008066,-0.495793,0.1287502,-0.8063016,-0.2431669,-0.3315019,-0.4252696,-0.7004788,-0.137309,-0.6966558,0.07173949
0.9861436,0.0007771948,0.165892,-0.0002016465,0.9999986,-0.0006796903,0.001537108,0.0002346102,0.8070178,0.2064049,-0.3554801,-0.4239731,0.8354757,0.1989386,-0.4954711,0.1300472,-0.8063914,-0.242933,-0.3317277,-0.4250568,-0.7006491,-0.1374402,-0.6964757,0.0715717
0.9861465,0.0007847224,0.165875,-0.0002003845,0.9999985,-0.0006791421,0.00156754,0.0002462287,0.8062926,0.2065701,-0.3568577,-0.4241152,0.8360621,0.196974,-0.4950439,0.130893,-0.8064979,-0.2427824,-0.3319259,-0.4247859,-0.7007211,-0.1376155,-0.6963652,0.0716074
0.9861463,0.0007870922,0.1658762,-0.0001933082,0.9999985,-0.0006752523,0.001565417,0.0002397927,0.8057281,0.2066413,-0.3580178,-0.4241756,0.8366041,0.1951528,-0.494735,0.1313253,-0.8066081,-0.2426666,-0.3321156,-0.4244943,-0.7007422,-0.1376866,-0.6963183,0.07171877
0.9861454,0.0007985116,0.1658814,-0.00018881,0.9999985,-0.0007019932,0.001567261,0.0002474401,0.8053163,0.2066346,-0.3589732,-0.4241535,0.8369573,0.1939617,-0.4945253,0.1316293,-0.8067429,-0.2424599,-0.3321891,-0.4242989,-0.70075,-0.1377248,-0.6962942,0.07180428
0.9861472,0.0007968609,0.1658703,-0.0002040103,0.9999985,-0.0006985708,0.001565436,0.0002491001,0.805022,0.2066398,-0.3599034,-0.4239213,0.8371861,0.1930997,-0.4943925,0.1319389,-0.8069488,-0.2420879,-0.3321282,-0.4241673,-0.7007265,-0.1377973,-0.6963026,0.0718121
0.9861495,0.0007977011,0.1658567,-0.0001822697,0.9999985,-0.0007121874,0.001574635,0.0002269736,0.8047525,0.2067818,-0.3607873,-0.4236121,0.8373949,0.1922756,-0.4942663,0.1322901,-0.8072491,-0.241552,-0.3318498,-0.4241195,-0.7006438,-0.1379935,-0.6963514,0.07176931
0.9861499,0.0008059834,0.1658547,-0.0001799923,0.9999985,-0.0007143352,0.001580132,0.0002135625,0.804498,0.2069276,-0.3615309,-0.4233905,0.8376367,0.1914347,-0.494096,0.132615,-0.8076277,-0.2408676,-0.3313621,-0.424169,-0.7005024,-0.1383439,-0.6964352,0.07166246
0.9861516,0.0008194143,0.1658441,-0.0001849512,0.9999985,-0.0007223313,0.001591324,0.0002167239,0.8043305,0.206992,-0.3620247,-0.4232553,0.8379455,0.1903479,-0.4939627,0.1327249,-0.8080204,-0.2401782,-0.3307436,-0.424295,-0.7003425,-0.1387194,-0.69654,0.07147987
0.9861505,0.0008118784,0.1658509,-0.0001820467,0.9999985,-0.0007258895,0.001584546,0.0002199333,0.8042126,0.2070182,-0.3623361,-0.4231998,0.8383413,0.1889095,-0.4938709,0.1326225,-0.80838,-0.2396113,-0.3300971,-0.4244339,-0.7001923,-0.1389831,-0.6966606,0.07126371
0.9861506,0.0008124993,0.1658501,-0.0001814794,0.9999985,-0.0007208064,0.001577723,0.00021388,0.8041435,0.2069462,-0.3624705,-0.4232513,0.8387166,0.1874347,-0.4938441,0.1324417,-0.8086783,-0.2391671,-0.3295099,-0.4245723,-0.7000643,-0.1391133,-0.6967871,0.07102913
0.9861529,0.0008197293,0.1658365,-0.000179211,0.9999985,-0.0007375109,0.001596891,0.0002046263,0.8041368,0.206805,-0.3624171,-0.4233786,0.8389328,0.1863254,-0.4939138,0.1323778,-0.8089072,-0.2388513,-0.3290224,-0.4246923,-0.6999844,-0.1392238,-0.6968628,0.07085956
0.9861529,0.000819875,0.1658365,-0.0001765547,0.9999985,-0.000731194,0.001584999,0.0001978405,0.8042286,0.2065043,-0.3622339,-0.4235079,0.8389935,0.1858057,-0.4940017,0.1323951,-0.8091009,-0.2386818,-0.328691,-0.4246752,-0.6999508,-0.1392953,-0.6968921,0.07076206
0.9861519,0.0008243076,0.1658425,-0.0001867082,0.9999985,-0.0007298429,0.001592698,0.0001929784,0.8042302,0.2065117,-0.3622451,-0.4234917,0.8390271,0.1853605,-0.4940282,0.1327068,-0.809207,-0.2387179,-0.3285235,-0.4245823,-0.7000173,-0.1393033,-0.6968247,0.07075234
0.9861501,0.0008245439,0.165853,-0.0001822602,0.9999985,-0.0007394324,0.001576768,0.0002052831,0.8045288,0.2059039,-0.3618088,-0.4235935,0.8388807,0.1855318,-0.4942584,0.1325359,-0.809239,-0.2388999,-0.3284711,-0.4244594,-0.7001343,-0.1392655,-0.6967092,0.07080548
0.9861521,0.0008294351,0.1658415,-0.0001978041,0.9999985,-0.0007362745,0.001597184,0.0002249768,0.8046384,0.205741,-0.3615724,-0.4236664,0.8388727,0.1852147,-0.4943679,0.1326217,-0.8092638,-0.2390726,-0.3284373,-0.4243411,-0.7002264,-0.1392432,-0.6966183,0.07083335
0.9861525,0.0008365369,0.1658388,-0.0002017128,0.9999985,-0.0007553211,0.001606247,0.0002212379,0.8047426,0.2056241,-0.3613104,-0.4237485,0.8389393,0.1846659,-0.4944696,0.1325867,-0.8092982,-0.2392197,-0.3284353,-0.4241942,-0.7003196,-0.1391244,-0.6965575,0.07074229
0.9861528,0.0008486639,0.165837,-0.0002087858,0.9999983,-0.0006652062,0.00170552,0.0002568334,0.8048227,0.2054377,-0.3611736,-0.4238036,0.8390663,0.184016,-0.4945385,0.1324297,-0.8093961,-0.2393096,-0.328486,-0.4239173,-0.7004062,-0.1389114,-0.696517,0.07070307
0.986151,0.0008492162,0.1658478,-0.0001938281,0.9999983,-0.0006630043,0.001686192,0.0002373183,0.8049704,0.2053012,-0.3609217,-0.4238038,0.8392256,0.1832533,-0.4946091,0.1322129,-0.8094233,-0.2395376,-0.3285767,-0.4236661,-0.7004032,-0.1388041,-0.6965277,0.07083832
0.9861342,0.0008996318,0.1659473,-0.0001670234,0.9999985,-0.0006992523,0.001580833,0.0001931829,0.8050697,0.2052744,-0.3606883,-0.4238269,0.8393369,0.1825486,-0.494699,0.1321459,-0.8094529,-0.2396204,-0.3285465,-0.4235863,-0.7003297,-0.1389301,-0.6965655,0.07094643
0.9861335,0.0009094785,0.1659514,-0.0001640071,0.9999985,-0.0007238722,0.001584677,0.0002027039,0.8051496,0.2052561,-0.3603466,-0.4239748,0.8392931,0.1821873,-0.4948688,0.1322869,-0.8095396,-0.2395681,-0.3283864,-0.4235744,-0.7002674,-0.1391435,-0.6965916,0.07088622
0.9861344,0.0008918637,0.1659463,-0.0001722032,0.9999985,-0.0007053257,0.001588395,0.0002072446,0.8052255,0.2051569,-0.35997,-0.4241983,0.8391414,0.1821668,-0.4950777,0.1324955,-0.8096275,-0.2394979,-0.3282633,-0.4235414,-0.7002324,-0.1392874,-0.6966129,0.07073987
0.9861326,0.0008907507,0.1659574,-0.0001560496,0.9999985,-0.0006890068,0.001594845,0.0001963512,0.8052183,0.205156,-0.3599907,-0.4241949,0.8392203,0.181832,-0.4950278,0.132642,-0.8096533,-0.2395675,-0.3282677,-0.4234494,-0.7002661,-0.1393252,-0.6965652,0.07080206
0.9861345,0.0008997684,0.1659454,-0.0001677599,0.9999985,-0.0007132939,0.001595131,0.0001990761,0.8054291,0.2047635,-0.3592362,-0.4246237,0.8389885,0.1822297,-0.4952877,0.1325925,-0.8095829,-0.2398262,-0.328413,-0.4233246,-0.7003921,-0.1391891,-0.6964443,0.0710114
0.986135,0.0009042814,0.1659427,-0.0001719424,0.9999985,-0.0007218577,0.001595502,0.0002071497,0.8054776,0.2045343,-0.3589567,-0.4248785,0.8390726,0.1822131,-0.4951677,0.1325306,-0.8095376,-0.2400188,-0.3284954,-0.4232384,-0.7004887,-0.1390243,-0.6963665,0.07114536
0.9861352,0.0008955433,0.1659413,-0.0001675655,0.9999985,-0.0007122559,0.00160079,0.0002053027,0.8053826,0.2044277,-0.3588504,-0.4251994,0.8393052,0.1819886,-0.4948423,0.1325826,-0.8095301,-0.2400677,-0.3284843,-0.4232337,-0.7005877,-0.1388826,-0.696304,0.07105919
0.9861364,0.0009030901,0.1659343,-0.0001691122,0.9999985,-0.000733432,0.001618613,0.0002012561,0.805233,0.2044126,-0.3588725,-0.4254713,0.8395805,0.1815341,-0.494523,0.1326536,-0.8095795,-0.2400043,-0.3284055,-0.4232363,-0.7006496,-0.1388053,-0.6962813,0.07082227
0.9861376,0.0008904808,0.1659275,-0.0001700221,0.9999985,-0.0007030313,0.001642045,0.0002135149,0.8051146,0.2043506,-0.3589331,-0.4256741,0.8397955,0.1809653,-0.4943627,0.1326669,-0.8096709,-0.2398705,-0.3283394,-0.4231884,-0.7006607,-0.138833,-0.6962878,0.07059352
0.9861394,0.0008811677,0.165917,-0.0001796412,0.9999984,-0.0007034223,0.001649338,0.0002206082,0.805046,0.2042822,-0.3589074,-0.4258584,0.8398581,0.1806107,-0.4943606,0.1327623,-0.809706,-0.2397525,-0.3282911,-0.4232256,-0.7006426,-0.1390213,-0.6962796,0.07048225
0.9861391,0.0008716636,0.1659183,-0.0001764166,0.9999984,-0.0006973796,0.001645617,0.0002236714,0.8050138,0.2041828,-0.3588583,-0.426008,0.8398126,0.1804872,-0.4944472,0.1328945,-0.8097056,-0.2396882,-0.3283113,-0.4232474,-0.7006664,-0.1391205,-0.6962407,0.07043366
0.9861426,0.0008840161,0.1658973,-0.000186069,0.9999984,-0.0006997694,0.001646331,0.0002275572,0.8050014,0.2041252,-0.3588044,-0.4261045,0.8396827,0.1805163,-0.4945968,0.1331197,-0.8096758,-0.2396434,-0.328406,-0.4232563,-0.7007334,-0.1391292,-0.6961764,0.0703862
0.9861413,0.0008745489,0.1659056,-0.0001673238,0.9999984,-0.0006921308,0.001648633,0.0002209045,0.8049671,0.2041204,-0.3588139,-0.4261638,0.8395414,0.1806561,-0.4947224,0.1333549,-0.8096443,-0.2395656,-0.3285012,-0.4232862,-0.7008522,-0.1391758,-0.6960485,0.07037742
0.9861417,0.0008634056,0.1659028,-0.0001699547,0.9999984,-0.0006803489,0.001642432,0.0002203744,0.8049589,0.204065,-0.3588,-0.4262174,0.8394107,0.1808145,-0.4948533,0.1334773,-0.8096275,-0.2394774,-0.328622,-0.4232748,-0.7009332,-0.1392082,-0.6959664,0.07031853
0.9861434,0.0008773247,0.1658926,-0.0001722714,0.9999985,-0.0007005779,0.001649794,0.0002145727,0.8049882,0.2039316,-0.3587554,-0.4262633,0.8392763,0.1809856,-0.4950155,0.1334888,-0.8096103,-0.23945,-0.3287569,-0.4232183,-0.7009747,-0.1391879,-0.6959357,0.07024837
0.9861452,0.0008718348,0.1658822,-0.0001749882,0.9999984,-0.0006872802,0.001666405,0.0002258739,0.8050651,0.2037348,-0.3586773,-0.4262781,0.8391303,0.1810983,-0.4952584,0.1333523,-0.8095938,-0.2394242,-0.3288971,-0.4231556,-0.7009956,-0.1392405,-0.6959084,0.07020639
0.9861441,0.0008677912,0.1658883,-0.0001801996,0.9999985,-0.0006893278,0.001644024,0.00022235,0.8051312,0.203592,-0.3586367,-0.4262556,0.8390384,0.1811311,-0.4954346,0.1332318,-0.8095446,-0.2394714,-0.3290821,-0.4230792,-0.7008926,-0.1396376,-0.6959255,0.07027613
0.9861417,0.000875049,0.1659026,-0.0001712778,0.9999985,-0.0006949913,0.001629569,0.0002123413,0.8051162,0.2035951,-0.3587133,-0.426218,0.8390059,0.1811496,-0.4954829,0.1332312,-0.8095262,-0.2395168,-0.3292497,-0.4229583,-0.7009869,-0.1394574,-0.6958655,0.07028784
0.9861441,0.0008700924,0.1658888,-0.0001738987,0.9999984,-0.0006785241,0.001655089,0.0002228315,0.8049843,0.2037093,-0.3589076,-0.4262489,0.8390433,0.1811502,-0.4953634,0.1334395,-0.8095196,-0.2396009,-0.3294094,-0.4227988,-0.700974,-0.1395067,-0.6958601,0.070371
0.9861423,0.0008654049,0.1658991,-0.0001838707,0.9999984,-0.0006696762,0.001640505,0.0002180063,0.8048571,0.2038411,-0.3590462,-0.4263094,0.8391166,0.1811127,-0.4952124,0.1335895,-0.8094921,-0.2396668,-0.3295695,-0.4226895,-0.7010021,-0.1395058,-0.6958268,0.0704217
0.9861434,0.0008651618,0.1658927,-0.00017984,0.9999984,-0.0006726568,0.001644838,0.0002183059,0.8047494,0.2038865,-0.3591532,-0.4264008,0.8392079,0.1810805,-0.4950541,0.1336463,-0.8094591,-0.2397422,-0.32967,-0.4226314,-0.701057,-0.1395163,-0.6957615,0.07050099
0.9861427,0.0008794989,0.1658971,-0.0001902192,0.9999985,-0.0006950959,0.001631523,0.0002336279,0.8046331,0.203941,-0.3593303,-0.426445,0.8394106,0.1808899,-0.4947858,0.1336251,-0.8094897,-0.2397254,-0.3296585,-0.4225914,-0.7010717,-0.1395141,-0.6957452,0.07052005
